<?xml version="1.0" encoding="Windows-1252"?>
<!DOCTYPE POWERMART SYSTEM "powrmart.dtd">
<POWERMART CREATION_DATE="12/08/2024 10:43:22" REPOSITORY_VERSION="187.96">
<REPOSITORY NAME="INFA_DEV_REP" VERSION="187" CODEPAGE="MS1252" DATABASETYPE="Microsoft SQL Server">
<FOLDER NAME="DEV_PRACTICE" GROUP="" OWNER="Administrator" SHARED="NOTSHARED" DESCRIPTION="" PERMISSIONS="rwx---r--" UUID="0aa9f3aa-4ace-4461-a3b1-161b8654cb54">
    <SOURCE BUSINESSNAME ="" DATABASETYPE ="Microsoft SQL Server" DBDNAME ="inf_ss_hr" DESCRIPTION ="" NAME ="stg_employee_pay" OBJECTVERSION ="1" OWNERNAME ="dbo" VERSIONNUMBER ="1">
        <SOURCEFIELD BUSINESSNAME ="" DATATYPE ="varchar" DESCRIPTION ="" FIELDNUMBER ="1" FIELDPROPERTY ="0" FIELDTYPE ="ELEMITEM" HIDDEN ="NO" KEYTYPE ="NOT A KEY" LENGTH ="0" LEVEL ="0" NAME ="RECORD_NBR" NULLABLE ="NULL" OCCURS ="0" OFFSET ="0" PHYSICALLENGTH ="100" PHYSICALOFFSET ="0" PICTURETEXT ="" PRECISION ="100" SCALE ="0" USAGE_FLAGS =""/>
        <SOURCEFIELD BUSINESSNAME ="" DATATYPE ="int" DESCRIPTION ="" FIELDNUMBER ="2" FIELDPROPERTY ="0" FIELDTYPE ="ELEMITEM" HIDDEN ="NO" KEYTYPE ="NOT A KEY" LENGTH ="11" LEVEL ="0" NAME ="PAY_YEAR" NULLABLE ="NULL" OCCURS ="0" OFFSET ="0" PHYSICALLENGTH ="10" PHYSICALOFFSET ="100" PICTURETEXT ="" PRECISION ="10" SCALE ="0" USAGE_FLAGS =""/>
        <SOURCEFIELD BUSINESSNAME ="" DATATYPE ="int" DESCRIPTION ="" FIELDNUMBER ="3" FIELDPROPERTY ="0" FIELDTYPE ="ELEMITEM" HIDDEN ="NO" KEYTYPE ="NOT A KEY" LENGTH ="11" LEVEL ="0" NAME ="DEPARTMENT_NO" NULLABLE ="NULL" OCCURS ="0" OFFSET ="11" PHYSICALLENGTH ="10" PHYSICALOFFSET ="110" PICTURETEXT ="" PRECISION ="10" SCALE ="0" USAGE_FLAGS =""/>
        <SOURCEFIELD BUSINESSNAME ="" DATATYPE ="varchar" DESCRIPTION ="" FIELDNUMBER ="4" FIELDPROPERTY ="0" FIELDTYPE ="ELEMITEM" HIDDEN ="NO" KEYTYPE ="NOT A KEY" LENGTH ="0" LEVEL ="0" NAME ="DEPARTMENT_TITLE" NULLABLE ="NULL" OCCURS ="0" OFFSET ="22" PHYSICALLENGTH ="100" PHYSICALOFFSET ="120" PICTURETEXT ="" PRECISION ="100" SCALE ="0" USAGE_FLAGS =""/>
        <SOURCEFIELD BUSINESSNAME ="" DATATYPE ="varchar" DESCRIPTION ="" FIELDNUMBER ="5" FIELDPROPERTY ="0" FIELDTYPE ="ELEMITEM" HIDDEN ="NO" KEYTYPE ="NOT A KEY" LENGTH ="0" LEVEL ="0" NAME ="JOB_CLASS_PGRADE" NULLABLE ="NULL" OCCURS ="0" OFFSET ="22" PHYSICALLENGTH ="100" PHYSICALOFFSET ="220" PICTURETEXT ="" PRECISION ="100" SCALE ="0" USAGE_FLAGS =""/>
        <SOURCEFIELD BUSINESSNAME ="" DATATYPE ="varchar" DESCRIPTION ="" FIELDNUMBER ="6" FIELDPROPERTY ="0" FIELDTYPE ="ELEMITEM" HIDDEN ="NO" KEYTYPE ="NOT A KEY" LENGTH ="0" LEVEL ="0" NAME ="JOB_TITLE" NULLABLE ="NULL" OCCURS ="0" OFFSET ="22" PHYSICALLENGTH ="100" PHYSICALOFFSET ="320" PICTURETEXT ="" PRECISION ="100" SCALE ="0" USAGE_FLAGS =""/>
        <SOURCEFIELD BUSINESSNAME ="" DATATYPE ="varchar" DESCRIPTION ="" FIELDNUMBER ="7" FIELDPROPERTY ="0" FIELDTYPE ="ELEMITEM" HIDDEN ="NO" KEYTYPE ="NOT A KEY" LENGTH ="0" LEVEL ="0" NAME ="EMPLOYMENT_TYPE" NULLABLE ="NULL" OCCURS ="0" OFFSET ="22" PHYSICALLENGTH ="100" PHYSICALOFFSET ="420" PICTURETEXT ="" PRECISION ="100" SCALE ="0" USAGE_FLAGS =""/>
        <SOURCEFIELD BUSINESSNAME ="" DATATYPE ="varchar" DESCRIPTION ="" FIELDNUMBER ="8" FIELDPROPERTY ="0" FIELDTYPE ="ELEMITEM" HIDDEN ="NO" KEYTYPE ="NOT A KEY" LENGTH ="0" LEVEL ="0" NAME ="JOB_STATUS" NULLABLE ="NULL" OCCURS ="0" OFFSET ="22" PHYSICALLENGTH ="100" PHYSICALOFFSET ="520" PICTURETEXT ="" PRECISION ="100" SCALE ="0" USAGE_FLAGS =""/>
        <SOURCEFIELD BUSINESSNAME ="" DATATYPE ="varchar" DESCRIPTION ="" FIELDNUMBER ="9" FIELDPROPERTY ="0" FIELDTYPE ="ELEMITEM" HIDDEN ="NO" KEYTYPE ="NOT A KEY" LENGTH ="0" LEVEL ="0" NAME ="MOU" NULLABLE ="NULL" OCCURS ="0" OFFSET ="22" PHYSICALLENGTH ="100" PHYSICALOFFSET ="620" PICTURETEXT ="" PRECISION ="100" SCALE ="0" USAGE_FLAGS =""/>
        <SOURCEFIELD BUSINESSNAME ="" DATATYPE ="varchar" DESCRIPTION ="" FIELDNUMBER ="10" FIELDPROPERTY ="0" FIELDTYPE ="ELEMITEM" HIDDEN ="NO" KEYTYPE ="NOT A KEY" LENGTH ="0" LEVEL ="0" NAME ="MOU_TITLE" NULLABLE ="NULL" OCCURS ="0" OFFSET ="22" PHYSICALLENGTH ="100" PHYSICALOFFSET ="720" PICTURETEXT ="" PRECISION ="100" SCALE ="0" USAGE_FLAGS =""/>
        <SOURCEFIELD BUSINESSNAME ="" DATATYPE ="decimal" DESCRIPTION ="" FIELDNUMBER ="11" FIELDPROPERTY ="0" FIELDTYPE ="ELEMITEM" HIDDEN ="NO" KEYTYPE ="NOT A KEY" LENGTH ="17" LEVEL ="0" NAME ="REGULAR_PAY" NULLABLE ="NULL" OCCURS ="0" OFFSET ="22" PHYSICALLENGTH ="15" PHYSICALOFFSET ="820" PICTURETEXT ="" PRECISION ="15" SCALE ="2" USAGE_FLAGS =""/>
        <SOURCEFIELD BUSINESSNAME ="" DATATYPE ="decimal" DESCRIPTION ="" FIELDNUMBER ="12" FIELDPROPERTY ="0" FIELDTYPE ="ELEMITEM" HIDDEN ="NO" KEYTYPE ="NOT A KEY" LENGTH ="17" LEVEL ="0" NAME ="OVERTIME_PAY" NULLABLE ="NULL" OCCURS ="0" OFFSET ="39" PHYSICALLENGTH ="15" PHYSICALOFFSET ="835" PICTURETEXT ="" PRECISION ="15" SCALE ="2" USAGE_FLAGS =""/>
        <SOURCEFIELD BUSINESSNAME ="" DATATYPE ="decimal" DESCRIPTION ="" FIELDNUMBER ="13" FIELDPROPERTY ="0" FIELDTYPE ="ELEMITEM" HIDDEN ="NO" KEYTYPE ="NOT A KEY" LENGTH ="17" LEVEL ="0" NAME ="ALL_OTHER_PAY" NULLABLE ="NULL" OCCURS ="0" OFFSET ="56" PHYSICALLENGTH ="15" PHYSICALOFFSET ="850" PICTURETEXT ="" PRECISION ="15" SCALE ="2" USAGE_FLAGS =""/>
        <SOURCEFIELD BUSINESSNAME ="" DATATYPE ="decimal" DESCRIPTION ="" FIELDNUMBER ="14" FIELDPROPERTY ="0" FIELDTYPE ="ELEMITEM" HIDDEN ="NO" KEYTYPE ="NOT A KEY" LENGTH ="17" LEVEL ="0" NAME ="TOTAL_PAY" NULLABLE ="NULL" OCCURS ="0" OFFSET ="73" PHYSICALLENGTH ="15" PHYSICALOFFSET ="865" PICTURETEXT ="" PRECISION ="15" SCALE ="2" USAGE_FLAGS =""/>
        <SOURCEFIELD BUSINESSNAME ="" DATATYPE ="decimal" DESCRIPTION ="" FIELDNUMBER ="15" FIELDPROPERTY ="0" FIELDTYPE ="ELEMITEM" HIDDEN ="NO" KEYTYPE ="NOT A KEY" LENGTH ="17" LEVEL ="0" NAME ="CITY_RETIREMENT_CONTRIBUTIONS" NULLABLE ="NULL" OCCURS ="0" OFFSET ="90" PHYSICALLENGTH ="15" PHYSICALOFFSET ="880" PICTURETEXT ="" PRECISION ="15" SCALE ="2" USAGE_FLAGS =""/>
        <SOURCEFIELD BUSINESSNAME ="" DATATYPE ="decimal" DESCRIPTION ="" FIELDNUMBER ="16" FIELDPROPERTY ="0" FIELDTYPE ="ELEMITEM" HIDDEN ="NO" KEYTYPE ="NOT A KEY" LENGTH ="17" LEVEL ="0" NAME ="BENEFIT_PAY" NULLABLE ="NULL" OCCURS ="0" OFFSET ="107" PHYSICALLENGTH ="15" PHYSICALOFFSET ="895" PICTURETEXT ="" PRECISION ="15" SCALE ="2" USAGE_FLAGS =""/>
        <SOURCEFIELD BUSINESSNAME ="" DATATYPE ="varchar" DESCRIPTION ="" FIELDNUMBER ="17" FIELDPROPERTY ="0" FIELDTYPE ="ELEMITEM" HIDDEN ="NO" KEYTYPE ="NOT A KEY" LENGTH ="0" LEVEL ="0" NAME ="GENDER" NULLABLE ="NULL" OCCURS ="0" OFFSET ="124" PHYSICALLENGTH ="100" PHYSICALOFFSET ="910" PICTURETEXT ="" PRECISION ="100" SCALE ="0" USAGE_FLAGS =""/>
        <SOURCEFIELD BUSINESSNAME ="" DATATYPE ="varchar" DESCRIPTION ="" FIELDNUMBER ="18" FIELDPROPERTY ="0" FIELDTYPE ="ELEMITEM" HIDDEN ="NO" KEYTYPE ="NOT A KEY" LENGTH ="0" LEVEL ="0" NAME ="ETHNICITY" NULLABLE ="NULL" OCCURS ="0" OFFSET ="124" PHYSICALLENGTH ="100" PHYSICALOFFSET ="1010" PICTURETEXT ="" PRECISION ="100" SCALE ="0" USAGE_FLAGS =""/>
    </SOURCE>
    <TARGET BUSINESSNAME ="" CONSTRAINT ="" DATABASETYPE ="Microsoft SQL Server" DESCRIPTION ="" NAME ="dim_pay_year" OBJECTVERSION ="1" TABLEOPTIONS ="" VERSIONNUMBER ="1">
        <TARGETFIELD BUSINESSNAME ="" DATATYPE ="int" DESCRIPTION ="" FIELDNUMBER ="1" KEYTYPE ="PRIMARY KEY" NAME ="PAY_YEAR_ID" NULLABLE ="NOTNULL" PICTURETEXT ="" PRECISION ="10" SCALE ="0"/>
        <TARGETFIELD BUSINESSNAME ="" DATATYPE ="int" DESCRIPTION ="" FIELDNUMBER ="2" KEYTYPE ="NOT A KEY" NAME ="PAY_YEAR" NULLABLE ="NOTNULL" PICTURETEXT ="" PRECISION ="10" SCALE ="0"/>
        <TARGETFIELD BUSINESSNAME ="" DATATYPE ="datetime" DESCRIPTION ="" FIELDNUMBER ="3" KEYTYPE ="NOT A KEY" NAME ="CREATE_DATE" NULLABLE ="NULL" PICTURETEXT ="" PRECISION ="23" SCALE ="3"/>
        <TARGETFIELD BUSINESSNAME ="" DATATYPE ="datetime" DESCRIPTION ="" FIELDNUMBER ="4" KEYTYPE ="NOT A KEY" NAME ="UPDATE_DATE" NULLABLE ="NULL" PICTURETEXT ="" PRECISION ="23" SCALE ="3"/>
    </TARGET>
    <MAPPING DESCRIPTION ="" ISVALID ="YES" NAME ="m_pay_year_id" OBJECTVERSION ="1" VERSIONNUMBER ="1">
        <TRANSFORMATION DESCRIPTION ="" NAME ="RT_RECORDS" OBJECTVERSION ="1" REUSABLE ="NO" TYPE ="Router" VERSIONNUMBER ="1">
            <GROUP DESCRIPTION ="" EXPRESSION ="IS_NEW=1" NAME ="new_records" ORDER ="1" TYPE ="OUTPUT"/>
            <GROUP DESCRIPTION ="Path for the data when none of the group conditions are satisfied." NAME ="DEFAULT1" ORDER ="3" TYPE ="OUTPUT/DEFAULT"/>
            <GROUP DESCRIPTION ="" EXPRESSION ="IS_NEW = 0 AND IS_CHANGED = 1" NAME ="update_records" ORDER ="2" TYPE ="OUTPUT"/>
            <GROUP DESCRIPTION ="" NAME ="INPUT" ORDER ="0" TYPE ="INPUT"/>
            <TRANSFORMFIELD DATATYPE ="integer" DEFAULTVALUE ="" DESCRIPTION ="" GROUP ="INPUT" NAME ="LKP_PAY_YEAR_ID" PICTURETEXT ="" PORTTYPE ="INPUT" PRECISION ="10" SCALE ="0"/>
            <TRANSFORMFIELD DATATYPE ="integer" DEFAULTVALUE ="" DESCRIPTION ="" GROUP ="INPUT" NAME ="IS_NEW" PICTURETEXT ="" PORTTYPE ="INPUT" PRECISION ="10" SCALE ="0"/>
            <TRANSFORMFIELD DATATYPE ="integer" DEFAULTVALUE ="" DESCRIPTION ="" GROUP ="INPUT" NAME ="IS_CHANGED" PICTURETEXT ="" PORTTYPE ="INPUT" PRECISION ="10" SCALE ="0"/>
            <TRANSFORMFIELD DATATYPE ="string" DEFAULTVALUE ="" DESCRIPTION ="" GROUP ="INPUT" NAME ="PAY_YEAR" PICTURETEXT ="" PORTTYPE ="INPUT" PRECISION ="100" SCALE ="0"/>
            <TRANSFORMFIELD DATATYPE ="date/time" DEFAULTVALUE ="" DESCRIPTION ="" GROUP ="INPUT" NAME ="OUT_CREATE_DATE" PICTURETEXT ="" PORTTYPE ="INPUT" PRECISION ="29" SCALE ="9"/>
            <TRANSFORMFIELD DATATYPE ="date/time" DEFAULTVALUE ="" DESCRIPTION ="" GROUP ="INPUT" NAME ="OUT_UPDATE_DATE" PICTURETEXT ="" PORTTYPE ="INPUT" PRECISION ="29" SCALE ="9"/>
            <TRANSFORMFIELD DATATYPE ="integer" DEFAULTVALUE ="" DESCRIPTION ="" GROUP ="new_records" NAME ="LKP_PAY_YEAR_ID1" PICTURETEXT ="" PORTTYPE ="OUTPUT" PRECISION ="10" REF_FIELD ="LKP_PAY_YEAR_ID" SCALE ="0"/>
            <TRANSFORMFIELD DATATYPE ="integer" DEFAULTVALUE ="" DESCRIPTION ="" GROUP ="new_records" NAME ="IS_NEW1" PICTURETEXT ="" PORTTYPE ="OUTPUT" PRECISION ="10" REF_FIELD ="IS_NEW" SCALE ="0"/>
            <TRANSFORMFIELD DATATYPE ="integer" DEFAULTVALUE ="" DESCRIPTION ="" GROUP ="new_records" NAME ="IS_CHANGED1" PICTURETEXT ="" PORTTYPE ="OUTPUT" PRECISION ="10" REF_FIELD ="IS_CHANGED" SCALE ="0"/>
            <TRANSFORMFIELD DATATYPE ="string" DEFAULTVALUE ="" DESCRIPTION ="" GROUP ="new_records" NAME ="PAY_YEAR1" PICTURETEXT ="" PORTTYPE ="OUTPUT" PRECISION ="100" REF_FIELD ="PAY_YEAR" SCALE ="0"/>
            <TRANSFORMFIELD DATATYPE ="date/time" DEFAULTVALUE ="" DESCRIPTION ="" GROUP ="new_records" NAME ="OUT_CREATE_DATE1" PICTURETEXT ="" PORTTYPE ="OUTPUT" PRECISION ="29" REF_FIELD ="OUT_CREATE_DATE" SCALE ="9"/>
            <TRANSFORMFIELD DATATYPE ="date/time" DEFAULTVALUE ="" DESCRIPTION ="" GROUP ="new_records" NAME ="OUT_UPDATE_DATE1" PICTURETEXT ="" PORTTYPE ="OUTPUT" PRECISION ="29" REF_FIELD ="OUT_UPDATE_DATE" SCALE ="9"/>
            <TRANSFORMFIELD DATATYPE ="integer" DEFAULTVALUE ="" DESCRIPTION ="" GROUP ="update_records" NAME ="LKP_PAY_YEAR_ID3" PICTURETEXT ="" PORTTYPE ="OUTPUT" PRECISION ="10" REF_FIELD ="LKP_PAY_YEAR_ID" SCALE ="0"/>
            <TRANSFORMFIELD DATATYPE ="integer" DEFAULTVALUE ="" DESCRIPTION ="" GROUP ="update_records" NAME ="IS_NEW3" PICTURETEXT ="" PORTTYPE ="OUTPUT" PRECISION ="10" REF_FIELD ="IS_NEW" SCALE ="0"/>
            <TRANSFORMFIELD DATATYPE ="integer" DEFAULTVALUE ="" DESCRIPTION ="" GROUP ="update_records" NAME ="IS_CHANGED3" PICTURETEXT ="" PORTTYPE ="OUTPUT" PRECISION ="10" REF_FIELD ="IS_CHANGED" SCALE ="0"/>
            <TRANSFORMFIELD DATATYPE ="string" DEFAULTVALUE ="" DESCRIPTION ="" GROUP ="update_records" NAME ="PAY_YEAR3" PICTURETEXT ="" PORTTYPE ="OUTPUT" PRECISION ="100" REF_FIELD ="PAY_YEAR" SCALE ="0"/>
            <TRANSFORMFIELD DATATYPE ="date/time" DEFAULTVALUE ="" DESCRIPTION ="" GROUP ="update_records" NAME ="OUT_CREATE_DATE3" PICTURETEXT ="" PORTTYPE ="OUTPUT" PRECISION ="29" REF_FIELD ="OUT_CREATE_DATE" SCALE ="9"/>
            <TRANSFORMFIELD DATATYPE ="date/time" DEFAULTVALUE ="" DESCRIPTION ="" GROUP ="update_records" NAME ="OUT_UPDATE_DATE3" PICTURETEXT ="" PORTTYPE ="OUTPUT" PRECISION ="29" REF_FIELD ="OUT_UPDATE_DATE" SCALE ="9"/>
            <TRANSFORMFIELD DATATYPE ="integer" DEFAULTVALUE ="" DESCRIPTION ="" GROUP ="DEFAULT1" NAME ="LKP_PAY_YEAR_ID2" PICTURETEXT ="" PORTTYPE ="OUTPUT" PRECISION ="10" REF_FIELD ="LKP_PAY_YEAR_ID" SCALE ="0"/>
            <TRANSFORMFIELD DATATYPE ="integer" DEFAULTVALUE ="" DESCRIPTION ="" GROUP ="DEFAULT1" NAME ="IS_NEW2" PICTURETEXT ="" PORTTYPE ="OUTPUT" PRECISION ="10" REF_FIELD ="IS_NEW" SCALE ="0"/>
            <TRANSFORMFIELD DATATYPE ="integer" DEFAULTVALUE ="" DESCRIPTION ="" GROUP ="DEFAULT1" NAME ="IS_CHANGED2" PICTURETEXT ="" PORTTYPE ="OUTPUT" PRECISION ="10" REF_FIELD ="IS_CHANGED" SCALE ="0"/>
            <TRANSFORMFIELD DATATYPE ="string" DEFAULTVALUE ="" DESCRIPTION ="" GROUP ="DEFAULT1" NAME ="PAY_YEAR2" PICTURETEXT ="" PORTTYPE ="OUTPUT" PRECISION ="100" REF_FIELD ="PAY_YEAR" SCALE ="0"/>
            <TRANSFORMFIELD DATATYPE ="date/time" DEFAULTVALUE ="" DESCRIPTION ="" GROUP ="DEFAULT1" NAME ="OUT_CREATE_DATE2" PICTURETEXT ="" PORTTYPE ="OUTPUT" PRECISION ="29" REF_FIELD ="OUT_CREATE_DATE" SCALE ="9"/>
            <TRANSFORMFIELD DATATYPE ="date/time" DEFAULTVALUE ="" DESCRIPTION ="" GROUP ="DEFAULT1" NAME ="OUT_UPDATE_DATE2" PICTURETEXT ="" PORTTYPE ="OUTPUT" PRECISION ="29" REF_FIELD ="OUT_UPDATE_DATE" SCALE ="9"/>
            <TABLEATTRIBUTE NAME ="Tracing Level" VALUE ="Normal"/>
        </TRANSFORMATION>
        <TRANSFORMATION DESCRIPTION ="" NAME ="exp" OBJECTVERSION ="1" REUSABLE ="NO" TYPE ="Expression" VERSIONNUMBER ="1">
            <TRANSFORMFIELD DATATYPE ="date/time" DEFAULTVALUE ="" DESCRIPTION ="" EXPRESSION ="LKP_UPDATE_DATE" EXPRESSIONTYPE ="GENERAL" NAME ="LKP_UPDATE_DATE" PICTURETEXT ="" PORTTYPE ="INPUT/OUTPUT" PRECISION ="29" SCALE ="9"/>
            <TRANSFORMFIELD DATATYPE ="date/time" DEFAULTVALUE ="" DESCRIPTION ="" EXPRESSION ="LKP_CREATE_DATE" EXPRESSIONTYPE ="GENERAL" NAME ="LKP_CREATE_DATE" PICTURETEXT ="" PORTTYPE ="INPUT/OUTPUT" PRECISION ="29" SCALE ="9"/>
            <TRANSFORMFIELD DATATYPE ="integer" DEFAULTVALUE ="" DESCRIPTION ="" EXPRESSION ="IIF(ISNULL(LKP_PAY_YEAR_ID), 1, 0)" EXPRESSIONTYPE ="GENERAL" NAME ="IS_NEW" PICTURETEXT ="" PORTTYPE ="LOCAL VARIABLE" PRECISION ="10" SCALE ="0"/>
            <TRANSFORMFIELD DATATYPE ="integer" DEFAULTVALUE ="ERROR(&apos;transformation error&apos;)" DESCRIPTION ="" EXPRESSION ="IS_NEW" EXPRESSIONTYPE ="GENERAL" NAME ="O_IS_NEW" PICTURETEXT ="" PORTTYPE ="OUTPUT" PRECISION ="10" SCALE ="0"/>
            <TRANSFORMFIELD DATATYPE ="integer" DEFAULTVALUE ="" DESCRIPTION ="" EXPRESSION ="IIF(LKP_PAY_YEAR != PAY_YEAR, 1, 0)" EXPRESSIONTYPE ="GENERAL" NAME ="IS_CHANGED" PICTURETEXT ="" PORTTYPE ="LOCAL VARIABLE" PRECISION ="10" SCALE ="0"/>
            <TRANSFORMFIELD DATATYPE ="integer" DEFAULTVALUE ="ERROR(&apos;transformation error&apos;)" DESCRIPTION ="" EXPRESSION ="IS_CHANGED" EXPRESSIONTYPE ="GENERAL" NAME ="O_IS_CHANGED" PICTURETEXT ="" PORTTYPE ="OUTPUT" PRECISION ="10" SCALE ="0"/>
            <TRANSFORMFIELD DATATYPE ="date/time" DEFAULTVALUE ="ERROR(&apos;transformation error&apos;)" DESCRIPTION ="" EXPRESSION ="IIF(IS_NEW = 1, SYSDATE, LKP_CREATE_DATE)" EXPRESSIONTYPE ="GENERAL" NAME ="OUT_CREATE_DATE" PICTURETEXT ="" PORTTYPE ="OUTPUT" PRECISION ="29" SCALE ="9"/>
            <TRANSFORMFIELD DATATYPE ="date/time" DEFAULTVALUE ="ERROR(&apos;transformation error&apos;)" DESCRIPTION ="" EXPRESSION ="IIF(IS_NEW = 1 OR IS_CHANGED = 1, SYSDATE, LKP_UPDATE_DATE)" EXPRESSIONTYPE ="GENERAL" NAME ="OUT_UPDATE_DATE" PICTURETEXT ="" PORTTYPE ="OUTPUT" PRECISION ="29" SCALE ="9"/>
            <TRANSFORMFIELD DATATYPE ="integer" DEFAULTVALUE ="" DESCRIPTION ="" EXPRESSION ="LKP_PAY_YEAR_ID" EXPRESSIONTYPE ="GENERAL" NAME ="LKP_PAY_YEAR_ID" PICTURETEXT ="" PORTTYPE ="INPUT/OUTPUT" PRECISION ="10" SCALE ="0"/>
            <TRANSFORMFIELD DATATYPE ="string" DEFAULTVALUE ="" DESCRIPTION ="" EXPRESSION ="LKP_PAY_YEAR" EXPRESSIONTYPE ="GENERAL" NAME ="LKP_PAY_YEAR" PICTURETEXT ="" PORTTYPE ="INPUT/OUTPUT" PRECISION ="100" SCALE ="0"/>
            <TRANSFORMFIELD DATATYPE ="string" DEFAULTVALUE ="" DESCRIPTION ="" EXPRESSION ="PAY_YEAR" EXPRESSIONTYPE ="GENERAL" NAME ="PAY_YEAR" PICTURETEXT ="" PORTTYPE ="INPUT/OUTPUT" PRECISION ="100" SCALE ="0"/>
            <TABLEATTRIBUTE NAME ="Tracing Level" VALUE ="Normal"/>
        </TRANSFORMATION>
        <TRANSFORMATION DESCRIPTION ="" NAME ="SQ_stg_employee_pay" OBJECTVERSION ="1" REUSABLE ="NO" TYPE ="Source Qualifier" VERSIONNUMBER ="1">
            <TRANSFORMFIELD DATATYPE ="integer" DEFAULTVALUE ="" DESCRIPTION ="" NAME ="RECORD_ID" PICTURETEXT ="" PORTTYPE ="INPUT/OUTPUT" PRECISION ="10" SCALE ="0"/>
            <TRANSFORMFIELD DATATYPE ="string" DEFAULTVALUE ="" DESCRIPTION ="" NAME ="RECORD_NBR" PICTURETEXT ="" PORTTYPE ="INPUT/OUTPUT" PRECISION ="100" SCALE ="0"/>
            <TRANSFORMFIELD DATATYPE ="integer" DEFAULTVALUE ="" DESCRIPTION ="" NAME ="PAY_YEAR" PICTURETEXT ="" PORTTYPE ="INPUT/OUTPUT" PRECISION ="10" SCALE ="0"/>
            <TRANSFORMFIELD DATATYPE ="integer" DEFAULTVALUE ="" DESCRIPTION ="" NAME ="DEPARTMENT_NO" PICTURETEXT ="" PORTTYPE ="INPUT/OUTPUT" PRECISION ="10" SCALE ="0"/>
            <TRANSFORMFIELD DATATYPE ="string" DEFAULTVALUE ="" DESCRIPTION ="" NAME ="DEPARTMENT_TITLE" PICTURETEXT ="" PORTTYPE ="INPUT/OUTPUT" PRECISION ="100" SCALE ="0"/>
            <TRANSFORMFIELD DATATYPE ="string" DEFAULTVALUE ="" DESCRIPTION ="" NAME ="JOB_CLASS_PGRADE" PICTURETEXT ="" PORTTYPE ="INPUT/OUTPUT" PRECISION ="100" SCALE ="0"/>
            <TRANSFORMFIELD DATATYPE ="string" DEFAULTVALUE ="" DESCRIPTION ="" NAME ="JOB_TITLE" PICTURETEXT ="" PORTTYPE ="INPUT/OUTPUT" PRECISION ="100" SCALE ="0"/>
            <TRANSFORMFIELD DATATYPE ="string" DEFAULTVALUE ="" DESCRIPTION ="" NAME ="EMPLOYMENT_TYPE" PICTURETEXT ="" PORTTYPE ="INPUT/OUTPUT" PRECISION ="100" SCALE ="0"/>
            <TRANSFORMFIELD DATATYPE ="string" DEFAULTVALUE ="" DESCRIPTION ="" NAME ="JOB_STATUS" PICTURETEXT ="" PORTTYPE ="INPUT/OUTPUT" PRECISION ="100" SCALE ="0"/>
            <TRANSFORMFIELD DATATYPE ="string" DEFAULTVALUE ="" DESCRIPTION ="" NAME ="MOU" PICTURETEXT ="" PORTTYPE ="INPUT/OUTPUT" PRECISION ="100" SCALE ="0"/>
            <TRANSFORMFIELD DATATYPE ="string" DEFAULTVALUE ="" DESCRIPTION ="" NAME ="MOU_TITLE" PICTURETEXT ="" PORTTYPE ="INPUT/OUTPUT" PRECISION ="100" SCALE ="0"/>
            <TRANSFORMFIELD DATATYPE ="decimal" DEFAULTVALUE ="" DESCRIPTION ="" NAME ="REGULAR_PAY" PICTURETEXT ="" PORTTYPE ="INPUT/OUTPUT" PRECISION ="15" SCALE ="2"/>
            <TRANSFORMFIELD DATATYPE ="decimal" DEFAULTVALUE ="" DESCRIPTION ="" NAME ="OVERTIME_PAY" PICTURETEXT ="" PORTTYPE ="INPUT/OUTPUT" PRECISION ="15" SCALE ="2"/>
            <TRANSFORMFIELD DATATYPE ="decimal" DEFAULTVALUE ="" DESCRIPTION ="" NAME ="ALL_OTHER_PAY" PICTURETEXT ="" PORTTYPE ="INPUT/OUTPUT" PRECISION ="15" SCALE ="2"/>
            <TRANSFORMFIELD DATATYPE ="decimal" DEFAULTVALUE ="" DESCRIPTION ="" NAME ="TOTAL_PAY" PICTURETEXT ="" PORTTYPE ="INPUT/OUTPUT" PRECISION ="15" SCALE ="2"/>
            <TRANSFORMFIELD DATATYPE ="decimal" DEFAULTVALUE ="" DESCRIPTION ="" NAME ="CITY_RETIREMENT_CONTRIBUTIONS" PICTURETEXT ="" PORTTYPE ="INPUT/OUTPUT" PRECISION ="15" SCALE ="2"/>
            <TRANSFORMFIELD DATATYPE ="decimal" DEFAULTVALUE ="" DESCRIPTION ="" NAME ="BENEFIT_PAY" PICTURETEXT ="" PORTTYPE ="INPUT/OUTPUT" PRECISION ="15" SCALE ="2"/>
            <TRANSFORMFIELD DATATYPE ="string" DEFAULTVALUE ="" DESCRIPTION ="" NAME ="GENDER" PICTURETEXT ="" PORTTYPE ="INPUT/OUTPUT" PRECISION ="100" SCALE ="0"/>
            <TRANSFORMFIELD DATATYPE ="string" DEFAULTVALUE ="" DESCRIPTION ="" NAME ="ETHNICITY" PICTURETEXT ="" PORTTYPE ="INPUT/OUTPUT" PRECISION ="100" SCALE ="0"/>
            <TABLEATTRIBUTE NAME ="Sql Query" VALUE =""/>
            <TABLEATTRIBUTE NAME ="User Defined Join" VALUE =""/>
            <TABLEATTRIBUTE NAME ="Source Filter" VALUE =""/>
            <TABLEATTRIBUTE NAME ="Number Of Sorted Ports" VALUE ="0"/>
            <TABLEATTRIBUTE NAME ="Tracing Level" VALUE ="Normal"/>
            <TABLEATTRIBUTE NAME ="Select Distinct" VALUE ="NO"/>
            <TABLEATTRIBUTE NAME ="Is Partitionable" VALUE ="NO"/>
            <TABLEATTRIBUTE NAME ="Pre SQL" VALUE =""/>
            <TABLEATTRIBUTE NAME ="Post SQL" VALUE =""/>
            <TABLEATTRIBUTE NAME ="Output is deterministic" VALUE ="NO"/>
            <TABLEATTRIBUTE NAME ="Output is repeatable" VALUE ="Never"/>
        </TRANSFORMATION>
        <TRANSFORMATION DESCRIPTION ="" NAME ="lkp_pay" OBJECTVERSION ="1" REUSABLE ="NO" TYPE ="Lookup Procedure" VERSIONNUMBER ="1">
            <TRANSFORMFIELD DATATYPE ="integer" DEFAULTVALUE ="" DESCRIPTION ="" NAME ="PAY_YEAR_ID" PICTURETEXT ="" PORTTYPE ="LOOKUP/OUTPUT" PRECISION ="10" SCALE ="0"/>
            <TRANSFORMFIELD DATATYPE ="integer" DEFAULTVALUE ="" DESCRIPTION ="" NAME ="PAY_YEAR" PICTURETEXT ="" PORTTYPE ="LOOKUP/OUTPUT" PRECISION ="10" SCALE ="0"/>
            <TRANSFORMFIELD DATATYPE ="date/time" DEFAULTVALUE ="" DESCRIPTION ="" NAME ="CREATE_DATE" PICTURETEXT ="" PORTTYPE ="LOOKUP/OUTPUT" PRECISION ="29" SCALE ="9"/>
            <TRANSFORMFIELD DATATYPE ="date/time" DEFAULTVALUE ="" DESCRIPTION ="" NAME ="UPDATE_DATE" PICTURETEXT ="" PORTTYPE ="LOOKUP/OUTPUT" PRECISION ="29" SCALE ="9"/>
            <TRANSFORMFIELD DATATYPE ="integer" DEFAULTVALUE ="" DESCRIPTION ="" NAME ="PAY_YEAR1" PICTURETEXT ="" PORTTYPE ="INPUT/OUTPUT" PRECISION ="10" SCALE ="0"/>
            <TABLEATTRIBUTE NAME ="Lookup Sql Override" VALUE =""/>
            <TABLEATTRIBUTE NAME ="Lookup table name" VALUE ="dim_pay_year"/>
            <TABLEATTRIBUTE NAME ="Lookup Source Filter" VALUE =""/>
            <TABLEATTRIBUTE NAME ="Lookup caching enabled" VALUE ="YES"/>
            <TABLEATTRIBUTE NAME ="Lookup policy on multiple match" VALUE ="Use Any Value"/>
            <TABLEATTRIBUTE NAME ="Lookup condition" VALUE ="PAY_YEAR = PAY_YEAR1"/>
            <TABLEATTRIBUTE NAME ="Connection Information" VALUE ="$Source"/>
            <TABLEATTRIBUTE NAME ="Source Type" VALUE ="Database"/>
            <TABLEATTRIBUTE NAME ="Recache if Stale" VALUE ="NO"/>
            <TABLEATTRIBUTE NAME ="Tracing Level" VALUE ="Normal"/>
            <TABLEATTRIBUTE NAME ="Lookup cache directory name" VALUE ="$PMCacheDir"/>
            <TABLEATTRIBUTE NAME ="Lookup cache initialize" VALUE ="NO"/>
            <TABLEATTRIBUTE NAME ="Lookup cache persistent" VALUE ="NO"/>
            <TABLEATTRIBUTE NAME ="Lookup Data Cache Size" VALUE ="Auto"/>
            <TABLEATTRIBUTE NAME ="Lookup Index Cache Size" VALUE ="Auto"/>
            <TABLEATTRIBUTE NAME ="Dynamic Lookup Cache" VALUE ="NO"/>
            <TABLEATTRIBUTE NAME ="Synchronize Dynamic Cache" VALUE ="NO"/>
            <TABLEATTRIBUTE NAME ="Output Old Value On Update" VALUE ="NO"/>
            <TABLEATTRIBUTE NAME ="Update Dynamic Cache Condition" VALUE ="TRUE"/>
            <TABLEATTRIBUTE NAME ="Cache File Name Prefix" VALUE =""/>
            <TABLEATTRIBUTE NAME ="Re-cache from lookup source" VALUE ="NO"/>
            <TABLEATTRIBUTE NAME ="Insert Else Update" VALUE ="NO"/>
            <TABLEATTRIBUTE NAME ="Update Else Insert" VALUE ="NO"/>
            <TABLEATTRIBUTE NAME ="Datetime Format" VALUE =""/>
            <TABLEATTRIBUTE NAME ="Thousand Separator" VALUE ="None"/>
            <TABLEATTRIBUTE NAME ="Decimal Separator" VALUE ="."/>
            <TABLEATTRIBUTE NAME ="Case Sensitive String Comparison" VALUE ="NO"/>
            <TABLEATTRIBUTE NAME ="Null ordering" VALUE ="Null Is Highest Value"/>
            <TABLEATTRIBUTE NAME ="Sorted Input" VALUE ="NO"/>
            <TABLEATTRIBUTE NAME ="Lookup source is static" VALUE ="NO"/>
            <TABLEATTRIBUTE NAME ="Pre-build lookup cache" VALUE ="Auto"/>
            <TABLEATTRIBUTE NAME ="Subsecond Precision" VALUE ="6"/>
        </TRANSFORMATION>
        <TRANSFORMATION DESCRIPTION ="" NAME ="update_strat_insert" OBJECTVERSION ="1" REUSABLE ="NO" TYPE ="Update Strategy" VERSIONNUMBER ="1">
            <TRANSFORMFIELD DATATYPE ="string" DEFAULTVALUE ="" DESCRIPTION ="" NAME ="PAY_YEAR1" PICTURETEXT ="" PORTTYPE ="INPUT/OUTPUT" PRECISION ="100" SCALE ="0"/>
            <TABLEATTRIBUTE NAME ="Update Strategy Expression" VALUE ="DD_INSERT"/>
            <TABLEATTRIBUTE NAME ="Forward Rejected Rows" VALUE ="YES"/>
            <TABLEATTRIBUTE NAME ="Tracing Level" VALUE ="Normal"/>
        </TRANSFORMATION>
        <TRANSFORMATION DESCRIPTION ="" NAME ="update_strat_update" OBJECTVERSION ="1" REUSABLE ="NO" TYPE ="Update Strategy" VERSIONNUMBER ="1">
            <TRANSFORMFIELD DATATYPE ="integer" DEFAULTVALUE ="" DESCRIPTION ="" NAME ="LKP_PAY_YEAR_ID3" PICTURETEXT ="" PORTTYPE ="INPUT/OUTPUT" PRECISION ="10" SCALE ="0"/>
            <TRANSFORMFIELD DATATYPE ="string" DEFAULTVALUE ="" DESCRIPTION ="" NAME ="PAY_YEAR3" PICTURETEXT ="" PORTTYPE ="INPUT/OUTPUT" PRECISION ="100" SCALE ="0"/>
            <TRANSFORMFIELD DATATYPE ="date/time" DEFAULTVALUE ="" DESCRIPTION ="" NAME ="OUT_CREATE_DATE3" PICTURETEXT ="" PORTTYPE ="INPUT/OUTPUT" PRECISION ="29" SCALE ="9"/>
            <TRANSFORMFIELD DATATYPE ="date/time" DEFAULTVALUE ="" DESCRIPTION ="" NAME ="OUT_UPDATE_DATE3" PICTURETEXT ="" PORTTYPE ="INPUT/OUTPUT" PRECISION ="29" SCALE ="9"/>
            <TABLEATTRIBUTE NAME ="Update Strategy Expression" VALUE ="0"/>
            <TABLEATTRIBUTE NAME ="Forward Rejected Rows" VALUE ="YES"/>
            <TABLEATTRIBUTE NAME ="Tracing Level" VALUE ="Normal"/>
        </TRANSFORMATION>
        <TRANSFORMATION DESCRIPTION ="" NAME ="srt_pay" OBJECTVERSION ="1" REUSABLE ="NO" TYPE ="Sorter" VERSIONNUMBER ="1">
            <TRANSFORMFIELD DATATYPE ="string" DEFAULTVALUE ="" DESCRIPTION ="" ISSORTKEY ="YES" NAME ="PAY_YEAR1" PICTURETEXT ="" PORTTYPE ="INPUT/OUTPUT" PRECISION ="100" SCALE ="0" SORTDIRECTION ="ASCENDING"/>
            <TABLEATTRIBUTE NAME ="Sorter Cache Size" VALUE ="Auto"/>
            <TABLEATTRIBUTE NAME ="Case Sensitive" VALUE ="YES"/>
            <TABLEATTRIBUTE NAME ="Work Directory" VALUE ="$PMTempDir"/>
            <TABLEATTRIBUTE NAME ="Distinct" VALUE ="YES"/>
            <TABLEATTRIBUTE NAME ="Tracing Level" VALUE ="Normal"/>
            <TABLEATTRIBUTE NAME ="Null Treated Low" VALUE ="NO"/>
            <TABLEATTRIBUTE NAME ="Merge Only" VALUE ="NO"/>
            <TABLEATTRIBUTE NAME ="Partitioning" VALUE ="Order records for individual partitions"/>
            <TABLEATTRIBUTE NAME ="Transformation Scope" VALUE ="All Input"/>
        </TRANSFORMATION>
        <TRANSFORMATION DESCRIPTION ="" NAME ="exp_pay" OBJECTVERSION ="1" REUSABLE ="NO" TYPE ="Expression" VERSIONNUMBER ="1">
            <TRANSFORMFIELD DATATYPE ="string" DEFAULTVALUE ="" DESCRIPTION ="" EXPRESSION ="PAY_YEAR1" EXPRESSIONTYPE ="GENERAL" NAME ="PAY_YEAR1" PICTURETEXT ="" PORTTYPE ="INPUT/OUTPUT" PRECISION ="100" SCALE ="0"/>
            <TRANSFORMFIELD DATATYPE ="date/time" DEFAULTVALUE ="ERROR(&apos;transformation error&apos;)" DESCRIPTION ="" EXPRESSION ="SYSDATE" EXPRESSIONTYPE ="GENERAL" NAME ="CREATE_DATE" PICTURETEXT ="" PORTTYPE ="OUTPUT" PRECISION ="29" SCALE ="9"/>
            <TRANSFORMFIELD DATATYPE ="date/time" DEFAULTVALUE ="ERROR(&apos;transformation error&apos;)" DESCRIPTION ="" EXPRESSION ="NULL" EXPRESSIONTYPE ="GENERAL" NAME ="UPDATE_DATE" PICTURETEXT ="" PORTTYPE ="OUTPUT" PRECISION ="29" SCALE ="9"/>
            <TABLEATTRIBUTE NAME ="Tracing Level" VALUE ="Normal"/>
        </TRANSFORMATION>
        <TRANSFORMATION DESCRIPTION ="" NAME ="sg_pay_year_id" OBJECTVERSION ="1" REUSABLE ="NO" TYPE ="Sequence" VERSIONNUMBER ="1">
            <TRANSFORMFIELD DATATYPE ="bigint" DEFAULTVALUE ="ERROR(&apos;transformation error&apos;)" DESCRIPTION ="" NAME ="NEXTVAL" PICTURETEXT ="" PORTTYPE ="OUTPUT" PRECISION ="19" SCALE ="0"/>
            <TRANSFORMFIELD DATATYPE ="bigint" DEFAULTVALUE ="ERROR(&apos;transformation error&apos;)" DESCRIPTION ="" NAME ="CURRVAL" PICTURETEXT ="" PORTTYPE ="OUTPUT" PRECISION ="19" SCALE ="0"/>
            <TABLEATTRIBUTE NAME ="Start Value" VALUE ="1"/>
            <TABLEATTRIBUTE NAME ="Increment By" VALUE ="1"/>
            <TABLEATTRIBUTE NAME ="End Value" VALUE ="9223372036854775807"/>
            <TABLEATTRIBUTE NAME ="Current Value" VALUE ="11"/>
            <TABLEATTRIBUTE NAME ="Cycle" VALUE ="NO"/>
            <TABLEATTRIBUTE NAME ="Number of Cached Values" VALUE ="0"/>
            <TABLEATTRIBUTE NAME ="Reset" VALUE ="NO"/>
            <TABLEATTRIBUTE NAME ="Is Current Value Shared" VALUE ="NO"/>
            <TABLEATTRIBUTE NAME ="Tracing Level" VALUE ="Normal"/>
        </TRANSFORMATION>
        <INSTANCE DESCRIPTION ="" NAME ="dim_pay_year_update" TRANSFORMATION_NAME ="dim_pay_year" TRANSFORMATION_TYPE ="Target Definition" TYPE ="TARGET"/>
        <INSTANCE DESCRIPTION ="" NAME ="dim_pay_year_insert" TRANSFORMATION_NAME ="dim_pay_year" TRANSFORMATION_TYPE ="Target Definition" TYPE ="TARGET"/>
        <INSTANCE DESCRIPTION ="" NAME ="RT_RECORDS" REUSABLE ="NO" TRANSFORMATION_NAME ="RT_RECORDS" TRANSFORMATION_TYPE ="Router" TYPE ="TRANSFORMATION"/>
        <INSTANCE DESCRIPTION ="" NAME ="exp" REUSABLE ="NO" TRANSFORMATION_NAME ="exp" TRANSFORMATION_TYPE ="Expression" TYPE ="TRANSFORMATION"/>
        <INSTANCE DBDNAME ="inf_ss_hr" DESCRIPTION ="" NAME ="stg_employee_pay" TRANSFORMATION_NAME ="stg_employee_pay" TRANSFORMATION_TYPE ="Source Definition" TYPE ="SOURCE"/>
        <INSTANCE DESCRIPTION ="" NAME ="SQ_stg_employee_pay" REUSABLE ="NO" TRANSFORMATION_NAME ="SQ_stg_employee_pay" TRANSFORMATION_TYPE ="Source Qualifier" TYPE ="TRANSFORMATION">
            <ASSOCIATED_SOURCE_INSTANCE NAME ="stg_employee_pay"/>
        </INSTANCE>
        <INSTANCE DESCRIPTION ="" NAME ="lkp_pay" REUSABLE ="NO" TRANSFORMATION_NAME ="lkp_pay" TRANSFORMATION_TYPE ="Lookup Procedure" TYPE ="TRANSFORMATION"/>
        <INSTANCE DESCRIPTION ="" NAME ="update_strat_insert" REUSABLE ="NO" TRANSFORMATION_NAME ="update_strat_insert" TRANSFORMATION_TYPE ="Update Strategy" TYPE ="TRANSFORMATION"/>
        <INSTANCE DESCRIPTION ="" NAME ="update_strat_update" REUSABLE ="NO" TRANSFORMATION_NAME ="update_strat_update" TRANSFORMATION_TYPE ="Update Strategy" TYPE ="TRANSFORMATION"/>
        <INSTANCE DESCRIPTION ="" NAME ="srt_pay" REUSABLE ="NO" TRANSFORMATION_NAME ="srt_pay" TRANSFORMATION_TYPE ="Sorter" TYPE ="TRANSFORMATION"/>
        <INSTANCE DESCRIPTION ="" NAME ="exp_pay" REUSABLE ="NO" TRANSFORMATION_NAME ="exp_pay" TRANSFORMATION_TYPE ="Expression" TYPE ="TRANSFORMATION"/>
        <INSTANCE DESCRIPTION ="" NAME ="sg_pay_year_id" REUSABLE ="NO" TRANSFORMATION_NAME ="sg_pay_year_id" TRANSFORMATION_TYPE ="Sequence" TYPE ="TRANSFORMATION"/>
        <CONNECTOR FROMFIELD ="LKP_PAY_YEAR_ID3" FROMINSTANCE ="update_strat_update" FROMINSTANCETYPE ="Update Strategy" TOFIELD ="PAY_YEAR_ID" TOINSTANCE ="dim_pay_year_update" TOINSTANCETYPE ="Target Definition"/>
        <CONNECTOR FROMFIELD ="PAY_YEAR3" FROMINSTANCE ="update_strat_update" FROMINSTANCETYPE ="Update Strategy" TOFIELD ="PAY_YEAR" TOINSTANCE ="dim_pay_year_update" TOINSTANCETYPE ="Target Definition"/>
        <CONNECTOR FROMFIELD ="OUT_CREATE_DATE3" FROMINSTANCE ="update_strat_update" FROMINSTANCETYPE ="Update Strategy" TOFIELD ="CREATE_DATE" TOINSTANCE ="dim_pay_year_update" TOINSTANCETYPE ="Target Definition"/>
        <CONNECTOR FROMFIELD ="OUT_UPDATE_DATE3" FROMINSTANCE ="update_strat_update" FROMINSTANCETYPE ="Update Strategy" TOFIELD ="UPDATE_DATE" TOINSTANCE ="dim_pay_year_update" TOINSTANCETYPE ="Target Definition"/>
        <CONNECTOR FROMFIELD ="PAY_YEAR1" FROMINSTANCE ="exp_pay" FROMINSTANCETYPE ="Expression" TOFIELD ="PAY_YEAR" TOINSTANCE ="dim_pay_year_insert" TOINSTANCETYPE ="Target Definition"/>
        <CONNECTOR FROMFIELD ="CREATE_DATE" FROMINSTANCE ="exp_pay" FROMINSTANCETYPE ="Expression" TOFIELD ="CREATE_DATE" TOINSTANCE ="dim_pay_year_insert" TOINSTANCETYPE ="Target Definition"/>
        <CONNECTOR FROMFIELD ="UPDATE_DATE" FROMINSTANCE ="exp_pay" FROMINSTANCETYPE ="Expression" TOFIELD ="UPDATE_DATE" TOINSTANCE ="dim_pay_year_insert" TOINSTANCETYPE ="Target Definition"/>
        <CONNECTOR FROMFIELD ="NEXTVAL" FROMINSTANCE ="sg_pay_year_id" FROMINSTANCETYPE ="Sequence" TOFIELD ="PAY_YEAR_ID" TOINSTANCE ="dim_pay_year_insert" TOINSTANCETYPE ="Target Definition"/>
        <CONNECTOR FROMFIELD ="O_IS_NEW" FROMINSTANCE ="exp" FROMINSTANCETYPE ="Expression" TOFIELD ="IS_NEW" TOINSTANCE ="RT_RECORDS" TOINSTANCETYPE ="Router"/>
        <CONNECTOR FROMFIELD ="O_IS_CHANGED" FROMINSTANCE ="exp" FROMINSTANCETYPE ="Expression" TOFIELD ="IS_CHANGED" TOINSTANCE ="RT_RECORDS" TOINSTANCETYPE ="Router"/>
        <CONNECTOR FROMFIELD ="OUT_CREATE_DATE" FROMINSTANCE ="exp" FROMINSTANCETYPE ="Expression" TOFIELD ="OUT_CREATE_DATE" TOINSTANCE ="RT_RECORDS" TOINSTANCETYPE ="Router"/>
        <CONNECTOR FROMFIELD ="OUT_UPDATE_DATE" FROMINSTANCE ="exp" FROMINSTANCETYPE ="Expression" TOFIELD ="OUT_UPDATE_DATE" TOINSTANCE ="RT_RECORDS" TOINSTANCETYPE ="Router"/>
        <CONNECTOR FROMFIELD ="LKP_PAY_YEAR_ID" FROMINSTANCE ="exp" FROMINSTANCETYPE ="Expression" TOFIELD ="LKP_PAY_YEAR_ID" TOINSTANCE ="RT_RECORDS" TOINSTANCETYPE ="Router"/>
        <CONNECTOR FROMFIELD ="PAY_YEAR" FROMINSTANCE ="exp" FROMINSTANCETYPE ="Expression" TOFIELD ="PAY_YEAR" TOINSTANCE ="RT_RECORDS" TOINSTANCETYPE ="Router"/>
        <CONNECTOR FROMFIELD ="PAY_YEAR1" FROMINSTANCE ="RT_RECORDS" FROMINSTANCETYPE ="Router" TOFIELD ="PAY_YEAR1" TOINSTANCE ="update_strat_insert" TOINSTANCETYPE ="Update Strategy"/>
        <CONNECTOR FROMFIELD ="LKP_PAY_YEAR_ID3" FROMINSTANCE ="RT_RECORDS" FROMINSTANCETYPE ="Router" TOFIELD ="LKP_PAY_YEAR_ID3" TOINSTANCE ="update_strat_update" TOINSTANCETYPE ="Update Strategy"/>
        <CONNECTOR FROMFIELD ="PAY_YEAR3" FROMINSTANCE ="RT_RECORDS" FROMINSTANCETYPE ="Router" TOFIELD ="PAY_YEAR3" TOINSTANCE ="update_strat_update" TOINSTANCETYPE ="Update Strategy"/>
        <CONNECTOR FROMFIELD ="OUT_CREATE_DATE3" FROMINSTANCE ="RT_RECORDS" FROMINSTANCETYPE ="Router" TOFIELD ="OUT_CREATE_DATE3" TOINSTANCE ="update_strat_update" TOINSTANCETYPE ="Update Strategy"/>
        <CONNECTOR FROMFIELD ="OUT_UPDATE_DATE3" FROMINSTANCE ="RT_RECORDS" FROMINSTANCETYPE ="Router" TOFIELD ="OUT_UPDATE_DATE3" TOINSTANCE ="update_strat_update" TOINSTANCETYPE ="Update Strategy"/>
        <CONNECTOR FROMFIELD ="PAY_YEAR_ID" FROMINSTANCE ="lkp_pay" FROMINSTANCETYPE ="Lookup Procedure" TOFIELD ="LKP_PAY_YEAR_ID" TOINSTANCE ="exp" TOINSTANCETYPE ="Expression"/>
        <CONNECTOR FROMFIELD ="PAY_YEAR" FROMINSTANCE ="lkp_pay" FROMINSTANCETYPE ="Lookup Procedure" TOFIELD ="LKP_PAY_YEAR" TOINSTANCE ="exp" TOINSTANCETYPE ="Expression"/>
        <CONNECTOR FROMFIELD ="PAY_YEAR1" FROMINSTANCE ="lkp_pay" FROMINSTANCETYPE ="Lookup Procedure" TOFIELD ="PAY_YEAR" TOINSTANCE ="exp" TOINSTANCETYPE ="Expression"/>
        <CONNECTOR FROMFIELD ="RECORD_NBR" FROMINSTANCE ="stg_employee_pay" FROMINSTANCETYPE ="Source Definition" TOFIELD ="RECORD_NBR" TOINSTANCE ="SQ_stg_employee_pay" TOINSTANCETYPE ="Source Qualifier"/>
        <CONNECTOR FROMFIELD ="PAY_YEAR" FROMINSTANCE ="stg_employee_pay" FROMINSTANCETYPE ="Source Definition" TOFIELD ="PAY_YEAR" TOINSTANCE ="SQ_stg_employee_pay" TOINSTANCETYPE ="Source Qualifier"/>
        <CONNECTOR FROMFIELD ="DEPARTMENT_NO" FROMINSTANCE ="stg_employee_pay" FROMINSTANCETYPE ="Source Definition" TOFIELD ="DEPARTMENT_NO" TOINSTANCE ="SQ_stg_employee_pay" TOINSTANCETYPE ="Source Qualifier"/>
        <CONNECTOR FROMFIELD ="DEPARTMENT_TITLE" FROMINSTANCE ="stg_employee_pay" FROMINSTANCETYPE ="Source Definition" TOFIELD ="DEPARTMENT_TITLE" TOINSTANCE ="SQ_stg_employee_pay" TOINSTANCETYPE ="Source Qualifier"/>
        <CONNECTOR FROMFIELD ="JOB_CLASS_PGRADE" FROMINSTANCE ="stg_employee_pay" FROMINSTANCETYPE ="Source Definition" TOFIELD ="JOB_CLASS_PGRADE" TOINSTANCE ="SQ_stg_employee_pay" TOINSTANCETYPE ="Source Qualifier"/>
        <CONNECTOR FROMFIELD ="JOB_TITLE" FROMINSTANCE ="stg_employee_pay" FROMINSTANCETYPE ="Source Definition" TOFIELD ="JOB_TITLE" TOINSTANCE ="SQ_stg_employee_pay" TOINSTANCETYPE ="Source Qualifier"/>
        <CONNECTOR FROMFIELD ="EMPLOYMENT_TYPE" FROMINSTANCE ="stg_employee_pay" FROMINSTANCETYPE ="Source Definition" TOFIELD ="EMPLOYMENT_TYPE" TOINSTANCE ="SQ_stg_employee_pay" TOINSTANCETYPE ="Source Qualifier"/>
        <CONNECTOR FROMFIELD ="JOB_STATUS" FROMINSTANCE ="stg_employee_pay" FROMINSTANCETYPE ="Source Definition" TOFIELD ="JOB_STATUS" TOINSTANCE ="SQ_stg_employee_pay" TOINSTANCETYPE ="Source Qualifier"/>
        <CONNECTOR FROMFIELD ="MOU" FROMINSTANCE ="stg_employee_pay" FROMINSTANCETYPE ="Source Definition" TOFIELD ="MOU" TOINSTANCE ="SQ_stg_employee_pay" TOINSTANCETYPE ="Source Qualifier"/>
        <CONNECTOR FROMFIELD ="MOU_TITLE" FROMINSTANCE ="stg_employee_pay" FROMINSTANCETYPE ="Source Definition" TOFIELD ="MOU_TITLE" TOINSTANCE ="SQ_stg_employee_pay" TOINSTANCETYPE ="Source Qualifier"/>
        <CONNECTOR FROMFIELD ="REGULAR_PAY" FROMINSTANCE ="stg_employee_pay" FROMINSTANCETYPE ="Source Definition" TOFIELD ="REGULAR_PAY" TOINSTANCE ="SQ_stg_employee_pay" TOINSTANCETYPE ="Source Qualifier"/>
        <CONNECTOR FROMFIELD ="OVERTIME_PAY" FROMINSTANCE ="stg_employee_pay" FROMINSTANCETYPE ="Source Definition" TOFIELD ="OVERTIME_PAY" TOINSTANCE ="SQ_stg_employee_pay" TOINSTANCETYPE ="Source Qualifier"/>
        <CONNECTOR FROMFIELD ="ALL_OTHER_PAY" FROMINSTANCE ="stg_employee_pay" FROMINSTANCETYPE ="Source Definition" TOFIELD ="ALL_OTHER_PAY" TOINSTANCE ="SQ_stg_employee_pay" TOINSTANCETYPE ="Source Qualifier"/>
        <CONNECTOR FROMFIELD ="TOTAL_PAY" FROMINSTANCE ="stg_employee_pay" FROMINSTANCETYPE ="Source Definition" TOFIELD ="TOTAL_PAY" TOINSTANCE ="SQ_stg_employee_pay" TOINSTANCETYPE ="Source Qualifier"/>
        <CONNECTOR FROMFIELD ="CITY_RETIREMENT_CONTRIBUTIONS" FROMINSTANCE ="stg_employee_pay" FROMINSTANCETYPE ="Source Definition" TOFIELD ="CITY_RETIREMENT_CONTRIBUTIONS" TOINSTANCE ="SQ_stg_employee_pay" TOINSTANCETYPE ="Source Qualifier"/>
        <CONNECTOR FROMFIELD ="BENEFIT_PAY" FROMINSTANCE ="stg_employee_pay" FROMINSTANCETYPE ="Source Definition" TOFIELD ="BENEFIT_PAY" TOINSTANCE ="SQ_stg_employee_pay" TOINSTANCETYPE ="Source Qualifier"/>
        <CONNECTOR FROMFIELD ="GENDER" FROMINSTANCE ="stg_employee_pay" FROMINSTANCETYPE ="Source Definition" TOFIELD ="GENDER" TOINSTANCE ="SQ_stg_employee_pay" TOINSTANCETYPE ="Source Qualifier"/>
        <CONNECTOR FROMFIELD ="ETHNICITY" FROMINSTANCE ="stg_employee_pay" FROMINSTANCETYPE ="Source Definition" TOFIELD ="ETHNICITY" TOINSTANCE ="SQ_stg_employee_pay" TOINSTANCETYPE ="Source Qualifier"/>
        <CONNECTOR FROMFIELD ="PAY_YEAR" FROMINSTANCE ="SQ_stg_employee_pay" FROMINSTANCETYPE ="Source Qualifier" TOFIELD ="PAY_YEAR1" TOINSTANCE ="lkp_pay" TOINSTANCETYPE ="Lookup Procedure"/>
        <CONNECTOR FROMFIELD ="PAY_YEAR1" FROMINSTANCE ="update_strat_insert" FROMINSTANCETYPE ="Update Strategy" TOFIELD ="PAY_YEAR1" TOINSTANCE ="srt_pay" TOINSTANCETYPE ="Sorter"/>
        <CONNECTOR FROMFIELD ="PAY_YEAR1" FROMINSTANCE ="srt_pay" FROMINSTANCETYPE ="Sorter" TOFIELD ="PAY_YEAR1" TOINSTANCE ="exp_pay" TOINSTANCETYPE ="Expression"/>
        <TARGETLOADORDER ORDER ="1" TARGETINSTANCE ="dim_pay_year_update"/>
        <TARGETLOADORDER ORDER ="1" TARGETINSTANCE ="dim_pay_year_insert"/>
        <ERPINFO/>
    </MAPPING>
</FOLDER>
</REPOSITORY>
</POWERMART>