<?xml version="1.0" encoding="Windows-1252"?>
<!DOCTYPE POWERMART SYSTEM "powrmart.dtd">
<POWERMART CREATION_DATE="12/08/2024 10:44:21" REPOSITORY_VERSION="187.96">
<REPOSITORY NAME="INFA_DEV_REP" VERSION="187" CODEPAGE="MS1252" DATABASETYPE="Microsoft SQL Server">
<FOLDER NAME="DEV_PRACTICE" GROUP="" OWNER="Administrator" SHARED="NOTSHARED" DESCRIPTION="" PERMISSIONS="rwx---r--" UUID="0aa9f3aa-4ace-4461-a3b1-161b8654cb54">
    <SOURCE BUSINESSNAME ="" DATABASETYPE ="Flat File" DBDNAME ="FlatFile" DESCRIPTION ="" NAME ="employee_pay" OBJECTVERSION ="1" OWNERNAME ="" VERSIONNUMBER ="1">
        <FLATFILE CODEPAGE ="MS1252" CONSECDELIMITERSASONE ="NO" DELIMITED ="YES" DELIMITERS ="&#x5c;011" ESCAPE_CHARACTER ="" KEEPESCAPECHAR ="NO" LINESEQUENTIAL ="NO" MULTIDELIMITERSASAND ="NO" NULLCHARTYPE ="ASCII" NULL_CHARACTER ="*" PADBYTES ="1" QUOTE_CHARACTER ="NONE" REPEATABLE ="NO" ROWDELIMITER ="0" SHIFTSENSITIVEDATA ="NO" SKIPROWS ="1" STRIPTRAILINGBLANKS ="NO"/>
        <TABLEATTRIBUTE NAME ="Base Table Name" VALUE =""/>
        <TABLEATTRIBUTE NAME ="Search Specification" VALUE =""/>
        <TABLEATTRIBUTE NAME ="Sort Specification" VALUE =""/>
        <TABLEATTRIBUTE NAME ="Datetime Format" VALUE ="A  19 mm/dd/yyyy hh24:mi:ss"/>
        <TABLEATTRIBUTE NAME ="Thousand Separator" VALUE ="None"/>
        <TABLEATTRIBUTE NAME ="Decimal Separator" VALUE ="."/>
        <TABLEATTRIBUTE NAME ="Add Currently Processed Flat File Name Port" VALUE ="NO"/>
        <TABLEATTRIBUTE NAME ="Source TimeStamp" VALUE =""/>
        <SOURCEFIELD BUSINESSNAME ="" DATATYPE ="string" DESCRIPTION ="" FIELDNUMBER ="1" FIELDPROPERTY ="0" FIELDTYPE ="ELEMITEM" HIDDEN ="NO" KEYTYPE ="NOT A KEY" LENGTH ="100" LEVEL ="0" NAME ="RECORD_NBR" NULLABLE ="NULL" OCCURS ="0" OFFSET ="0" PHYSICALLENGTH ="100" PHYSICALOFFSET ="0" PICTURETEXT ="" PRECISION ="100" SCALE ="0" USAGE_FLAGS =""/>
        <SOURCEFIELD BUSINESSNAME ="" DATATYPE ="number" DESCRIPTION ="" FIELDNUMBER ="2" FIELDPROPERTY ="0" FIELDTYPE ="ELEMITEM" HIDDEN ="NO" KEYTYPE ="NOT A KEY" LENGTH ="15" LEVEL ="0" NAME ="PAY_YEAR" NULLABLE ="NULL" OCCURS ="0" OFFSET ="100" PHYSICALLENGTH ="15" PHYSICALOFFSET ="100" PICTURETEXT ="" PRECISION ="15" SCALE ="0" USAGE_FLAGS =""/>
        <SOURCEFIELD BUSINESSNAME ="" DATATYPE ="number" DESCRIPTION ="" FIELDNUMBER ="3" FIELDPROPERTY ="0" FIELDTYPE ="ELEMITEM" HIDDEN ="NO" KEYTYPE ="NOT A KEY" LENGTH ="15" LEVEL ="0" NAME ="DEPARTMENT_NO" NULLABLE ="NULL" OCCURS ="0" OFFSET ="115" PHYSICALLENGTH ="15" PHYSICALOFFSET ="115" PICTURETEXT ="" PRECISION ="15" SCALE ="0" USAGE_FLAGS =""/>
        <SOURCEFIELD BUSINESSNAME ="" DATATYPE ="string" DESCRIPTION ="" FIELDNUMBER ="4" FIELDPROPERTY ="0" FIELDTYPE ="ELEMITEM" HIDDEN ="NO" KEYTYPE ="NOT A KEY" LENGTH ="100" LEVEL ="0" NAME ="DEPARTMENT_TITLE" NULLABLE ="NULL" OCCURS ="0" OFFSET ="130" PHYSICALLENGTH ="100" PHYSICALOFFSET ="130" PICTURETEXT ="" PRECISION ="100" SCALE ="0" USAGE_FLAGS =""/>
        <SOURCEFIELD BUSINESSNAME ="" DATATYPE ="string" DESCRIPTION ="" FIELDNUMBER ="5" FIELDPROPERTY ="0" FIELDTYPE ="ELEMITEM" HIDDEN ="NO" KEYTYPE ="NOT A KEY" LENGTH ="100" LEVEL ="0" NAME ="JOB_CLASS_PGRADE" NULLABLE ="NULL" OCCURS ="0" OFFSET ="230" PHYSICALLENGTH ="100" PHYSICALOFFSET ="230" PICTURETEXT ="" PRECISION ="100" SCALE ="0" USAGE_FLAGS =""/>
        <SOURCEFIELD BUSINESSNAME ="" DATATYPE ="string" DESCRIPTION ="" FIELDNUMBER ="6" FIELDPROPERTY ="0" FIELDTYPE ="ELEMITEM" HIDDEN ="NO" KEYTYPE ="NOT A KEY" LENGTH ="100" LEVEL ="0" NAME ="JOB_TITLE" NULLABLE ="NULL" OCCURS ="0" OFFSET ="330" PHYSICALLENGTH ="100" PHYSICALOFFSET ="330" PICTURETEXT ="" PRECISION ="100" SCALE ="0" USAGE_FLAGS =""/>
        <SOURCEFIELD BUSINESSNAME ="" DATATYPE ="string" DESCRIPTION ="" FIELDNUMBER ="7" FIELDPROPERTY ="0" FIELDTYPE ="ELEMITEM" HIDDEN ="NO" KEYTYPE ="NOT A KEY" LENGTH ="100" LEVEL ="0" NAME ="EMPLOYMENT_TYPE" NULLABLE ="NULL" OCCURS ="0" OFFSET ="430" PHYSICALLENGTH ="100" PHYSICALOFFSET ="430" PICTURETEXT ="" PRECISION ="100" SCALE ="0" USAGE_FLAGS =""/>
        <SOURCEFIELD BUSINESSNAME ="" DATATYPE ="string" DESCRIPTION ="" FIELDNUMBER ="8" FIELDPROPERTY ="0" FIELDTYPE ="ELEMITEM" HIDDEN ="NO" KEYTYPE ="NOT A KEY" LENGTH ="100" LEVEL ="0" NAME ="JOB_STATUS" NULLABLE ="NULL" OCCURS ="0" OFFSET ="530" PHYSICALLENGTH ="100" PHYSICALOFFSET ="530" PICTURETEXT ="" PRECISION ="100" SCALE ="0" USAGE_FLAGS =""/>
        <SOURCEFIELD BUSINESSNAME ="" DATATYPE ="string" DESCRIPTION ="" FIELDNUMBER ="9" FIELDPROPERTY ="0" FIELDTYPE ="ELEMITEM" HIDDEN ="NO" KEYTYPE ="NOT A KEY" LENGTH ="100" LEVEL ="0" NAME ="MOU" NULLABLE ="NULL" OCCURS ="0" OFFSET ="630" PHYSICALLENGTH ="100" PHYSICALOFFSET ="630" PICTURETEXT ="" PRECISION ="100" SCALE ="0" USAGE_FLAGS =""/>
        <SOURCEFIELD BUSINESSNAME ="" DATATYPE ="string" DESCRIPTION ="" FIELDNUMBER ="10" FIELDPROPERTY ="0" FIELDTYPE ="ELEMITEM" HIDDEN ="NO" KEYTYPE ="NOT A KEY" LENGTH ="100" LEVEL ="0" NAME ="MOU_TITLE" NULLABLE ="NULL" OCCURS ="0" OFFSET ="730" PHYSICALLENGTH ="100" PHYSICALOFFSET ="730" PICTURETEXT ="" PRECISION ="100" SCALE ="0" USAGE_FLAGS =""/>
        <SOURCEFIELD BUSINESSNAME ="" DATATYPE ="number" DESCRIPTION ="" FIELDNUMBER ="11" FIELDPROPERTY ="0" FIELDTYPE ="ELEMITEM" HIDDEN ="NO" KEYTYPE ="NOT A KEY" LENGTH ="15" LEVEL ="0" NAME ="REGULAR_PAY" NULLABLE ="NULL" OCCURS ="0" OFFSET ="830" PHYSICALLENGTH ="15" PHYSICALOFFSET ="830" PICTURETEXT ="" PRECISION ="15" SCALE ="0" USAGE_FLAGS =""/>
        <SOURCEFIELD BUSINESSNAME ="" DATATYPE ="number" DESCRIPTION ="" FIELDNUMBER ="12" FIELDPROPERTY ="0" FIELDTYPE ="ELEMITEM" HIDDEN ="NO" KEYTYPE ="NOT A KEY" LENGTH ="15" LEVEL ="0" NAME ="OVERTIME_PAY" NULLABLE ="NULL" OCCURS ="0" OFFSET ="845" PHYSICALLENGTH ="15" PHYSICALOFFSET ="845" PICTURETEXT ="" PRECISION ="15" SCALE ="0" USAGE_FLAGS =""/>
        <SOURCEFIELD BUSINESSNAME ="" DATATYPE ="number" DESCRIPTION ="" FIELDNUMBER ="13" FIELDPROPERTY ="0" FIELDTYPE ="ELEMITEM" HIDDEN ="NO" KEYTYPE ="NOT A KEY" LENGTH ="15" LEVEL ="0" NAME ="ALL_OTHER_PAY" NULLABLE ="NULL" OCCURS ="0" OFFSET ="860" PHYSICALLENGTH ="15" PHYSICALOFFSET ="860" PICTURETEXT ="" PRECISION ="15" SCALE ="0" USAGE_FLAGS =""/>
        <SOURCEFIELD BUSINESSNAME ="" DATATYPE ="number" DESCRIPTION ="" FIELDNUMBER ="14" FIELDPROPERTY ="0" FIELDTYPE ="ELEMITEM" HIDDEN ="NO" KEYTYPE ="NOT A KEY" LENGTH ="15" LEVEL ="0" NAME ="TOTAL_PAY" NULLABLE ="NULL" OCCURS ="0" OFFSET ="875" PHYSICALLENGTH ="15" PHYSICALOFFSET ="875" PICTURETEXT ="" PRECISION ="15" SCALE ="0" USAGE_FLAGS =""/>
        <SOURCEFIELD BUSINESSNAME ="" DATATYPE ="number" DESCRIPTION ="" FIELDNUMBER ="15" FIELDPROPERTY ="0" FIELDTYPE ="ELEMITEM" HIDDEN ="NO" KEYTYPE ="NOT A KEY" LENGTH ="15" LEVEL ="0" NAME ="CITY_RETIREMENT_CONTRIBUTIONS" NULLABLE ="NULL" OCCURS ="0" OFFSET ="890" PHYSICALLENGTH ="15" PHYSICALOFFSET ="890" PICTURETEXT ="" PRECISION ="15" SCALE ="0" USAGE_FLAGS =""/>
        <SOURCEFIELD BUSINESSNAME ="" DATATYPE ="number" DESCRIPTION ="" FIELDNUMBER ="16" FIELDPROPERTY ="0" FIELDTYPE ="ELEMITEM" HIDDEN ="NO" KEYTYPE ="NOT A KEY" LENGTH ="15" LEVEL ="0" NAME ="BENEFIT_PAY" NULLABLE ="NULL" OCCURS ="0" OFFSET ="905" PHYSICALLENGTH ="15" PHYSICALOFFSET ="905" PICTURETEXT ="" PRECISION ="15" SCALE ="0" USAGE_FLAGS =""/>
        <SOURCEFIELD BUSINESSNAME ="" DATATYPE ="string" DESCRIPTION ="" FIELDNUMBER ="17" FIELDPROPERTY ="0" FIELDTYPE ="ELEMITEM" HIDDEN ="NO" KEYTYPE ="NOT A KEY" LENGTH ="100" LEVEL ="0" NAME ="GENDER" NULLABLE ="NULL" OCCURS ="0" OFFSET ="920" PHYSICALLENGTH ="100" PHYSICALOFFSET ="920" PICTURETEXT ="" PRECISION ="100" SCALE ="0" USAGE_FLAGS =""/>
        <SOURCEFIELD BUSINESSNAME ="" DATATYPE ="string" DESCRIPTION ="" FIELDNUMBER ="18" FIELDPROPERTY ="0" FIELDTYPE ="ELEMITEM" HIDDEN ="NO" KEYTYPE ="NOT A KEY" LENGTH ="100" LEVEL ="0" NAME ="ETHNICITY" NULLABLE ="NULL" OCCURS ="0" OFFSET ="1020" PHYSICALLENGTH ="100" PHYSICALOFFSET ="1020" PICTURETEXT ="" PRECISION ="100" SCALE ="0" USAGE_FLAGS =""/>
    </SOURCE>
    <TARGET BUSINESSNAME ="" CONSTRAINT ="" DATABASETYPE ="Microsoft SQL Server" DESCRIPTION ="" NAME ="stg_employee_pay" OBJECTVERSION ="1" TABLEOPTIONS ="" VERSIONNUMBER ="1">
        <TARGETFIELD BUSINESSNAME ="" DATATYPE ="varchar" DESCRIPTION ="" FIELDNUMBER ="1" KEYTYPE ="NOT A KEY" NAME ="RECORD_NBR" NULLABLE ="NULL" PICTURETEXT ="" PRECISION ="100" SCALE ="0"/>
        <TARGETFIELD BUSINESSNAME ="" DATATYPE ="int" DESCRIPTION ="" FIELDNUMBER ="2" KEYTYPE ="NOT A KEY" NAME ="PAY_YEAR" NULLABLE ="NULL" PICTURETEXT ="" PRECISION ="10" SCALE ="0"/>
        <TARGETFIELD BUSINESSNAME ="" DATATYPE ="int" DESCRIPTION ="" FIELDNUMBER ="3" KEYTYPE ="NOT A KEY" NAME ="DEPARTMENT_NO" NULLABLE ="NULL" PICTURETEXT ="" PRECISION ="10" SCALE ="0"/>
        <TARGETFIELD BUSINESSNAME ="" DATATYPE ="varchar" DESCRIPTION ="" FIELDNUMBER ="4" KEYTYPE ="NOT A KEY" NAME ="DEPARTMENT_TITLE" NULLABLE ="NULL" PICTURETEXT ="" PRECISION ="100" SCALE ="0"/>
        <TARGETFIELD BUSINESSNAME ="" DATATYPE ="varchar" DESCRIPTION ="" FIELDNUMBER ="5" KEYTYPE ="NOT A KEY" NAME ="JOB_CLASS_PGRADE" NULLABLE ="NULL" PICTURETEXT ="" PRECISION ="100" SCALE ="0"/>
        <TARGETFIELD BUSINESSNAME ="" DATATYPE ="varchar" DESCRIPTION ="" FIELDNUMBER ="6" KEYTYPE ="NOT A KEY" NAME ="JOB_TITLE" NULLABLE ="NULL" PICTURETEXT ="" PRECISION ="100" SCALE ="0"/>
        <TARGETFIELD BUSINESSNAME ="" DATATYPE ="varchar" DESCRIPTION ="" FIELDNUMBER ="7" KEYTYPE ="NOT A KEY" NAME ="EMPLOYMENT_TYPE" NULLABLE ="NULL" PICTURETEXT ="" PRECISION ="100" SCALE ="0"/>
        <TARGETFIELD BUSINESSNAME ="" DATATYPE ="varchar" DESCRIPTION ="" FIELDNUMBER ="8" KEYTYPE ="NOT A KEY" NAME ="JOB_STATUS" NULLABLE ="NULL" PICTURETEXT ="" PRECISION ="100" SCALE ="0"/>
        <TARGETFIELD BUSINESSNAME ="" DATATYPE ="varchar" DESCRIPTION ="" FIELDNUMBER ="9" KEYTYPE ="NOT A KEY" NAME ="MOU" NULLABLE ="NULL" PICTURETEXT ="" PRECISION ="100" SCALE ="0"/>
        <TARGETFIELD BUSINESSNAME ="" DATATYPE ="varchar" DESCRIPTION ="" FIELDNUMBER ="10" KEYTYPE ="NOT A KEY" NAME ="MOU_TITLE" NULLABLE ="NULL" PICTURETEXT ="" PRECISION ="100" SCALE ="0"/>
        <TARGETFIELD BUSINESSNAME ="" DATATYPE ="decimal" DESCRIPTION ="" FIELDNUMBER ="11" KEYTYPE ="NOT A KEY" NAME ="REGULAR_PAY" NULLABLE ="NULL" PICTURETEXT ="" PRECISION ="15" SCALE ="2"/>
        <TARGETFIELD BUSINESSNAME ="" DATATYPE ="decimal" DESCRIPTION ="" FIELDNUMBER ="12" KEYTYPE ="NOT A KEY" NAME ="OVERTIME_PAY" NULLABLE ="NULL" PICTURETEXT ="" PRECISION ="15" SCALE ="2"/>
        <TARGETFIELD BUSINESSNAME ="" DATATYPE ="decimal" DESCRIPTION ="" FIELDNUMBER ="13" KEYTYPE ="NOT A KEY" NAME ="ALL_OTHER_PAY" NULLABLE ="NULL" PICTURETEXT ="" PRECISION ="15" SCALE ="2"/>
        <TARGETFIELD BUSINESSNAME ="" DATATYPE ="decimal" DESCRIPTION ="" FIELDNUMBER ="14" KEYTYPE ="NOT A KEY" NAME ="TOTAL_PAY" NULLABLE ="NULL" PICTURETEXT ="" PRECISION ="15" SCALE ="2"/>
        <TARGETFIELD BUSINESSNAME ="" DATATYPE ="decimal" DESCRIPTION ="" FIELDNUMBER ="15" KEYTYPE ="NOT A KEY" NAME ="CITY_RETIREMENT_CONTRIBUTIONS" NULLABLE ="NULL" PICTURETEXT ="" PRECISION ="15" SCALE ="2"/>
        <TARGETFIELD BUSINESSNAME ="" DATATYPE ="decimal" DESCRIPTION ="" FIELDNUMBER ="16" KEYTYPE ="NOT A KEY" NAME ="BENEFIT_PAY" NULLABLE ="NULL" PICTURETEXT ="" PRECISION ="15" SCALE ="2"/>
        <TARGETFIELD BUSINESSNAME ="" DATATYPE ="varchar" DESCRIPTION ="" FIELDNUMBER ="17" KEYTYPE ="NOT A KEY" NAME ="GENDER" NULLABLE ="NULL" PICTURETEXT ="" PRECISION ="100" SCALE ="0"/>
        <TARGETFIELD BUSINESSNAME ="" DATATYPE ="varchar" DESCRIPTION ="" FIELDNUMBER ="18" KEYTYPE ="NOT A KEY" NAME ="ETHNICITY" NULLABLE ="NULL" PICTURETEXT ="" PRECISION ="100" SCALE ="0"/>
    </TARGET>
    <MAPPING DESCRIPTION ="" ISVALID ="YES" NAME ="m_stg_employee_pay" OBJECTVERSION ="1" VERSIONNUMBER ="1">
        <TRANSFORMATION DESCRIPTION ="" NAME ="SQ_employee_pay" OBJECTVERSION ="1" REUSABLE ="NO" TYPE ="Source Qualifier" VERSIONNUMBER ="1">
            <TRANSFORMFIELD DATATYPE ="string" DEFAULTVALUE ="" DESCRIPTION ="" NAME ="RECORD_NBR" PICTURETEXT ="" PORTTYPE ="INPUT/OUTPUT" PRECISION ="100" SCALE ="0"/>
            <TRANSFORMFIELD DATATYPE ="decimal" DEFAULTVALUE ="" DESCRIPTION ="" NAME ="PAY_YEAR" PICTURETEXT ="" PORTTYPE ="INPUT/OUTPUT" PRECISION ="15" SCALE ="0"/>
            <TRANSFORMFIELD DATATYPE ="decimal" DEFAULTVALUE ="" DESCRIPTION ="" NAME ="DEPARTMENT_NO" PICTURETEXT ="" PORTTYPE ="INPUT/OUTPUT" PRECISION ="15" SCALE ="0"/>
            <TRANSFORMFIELD DATATYPE ="string" DEFAULTVALUE ="" DESCRIPTION ="" NAME ="DEPARTMENT_TITLE" PICTURETEXT ="" PORTTYPE ="INPUT/OUTPUT" PRECISION ="100" SCALE ="0"/>
            <TRANSFORMFIELD DATATYPE ="string" DEFAULTVALUE ="" DESCRIPTION ="" NAME ="JOB_CLASS_PGRADE" PICTURETEXT ="" PORTTYPE ="INPUT/OUTPUT" PRECISION ="100" SCALE ="0"/>
            <TRANSFORMFIELD DATATYPE ="string" DEFAULTVALUE ="" DESCRIPTION ="" NAME ="JOB_TITLE" PICTURETEXT ="" PORTTYPE ="INPUT/OUTPUT" PRECISION ="100" SCALE ="0"/>
            <TRANSFORMFIELD DATATYPE ="string" DEFAULTVALUE ="" DESCRIPTION ="" NAME ="EMPLOYMENT_TYPE" PICTURETEXT ="" PORTTYPE ="INPUT/OUTPUT" PRECISION ="100" SCALE ="0"/>
            <TRANSFORMFIELD DATATYPE ="string" DEFAULTVALUE ="" DESCRIPTION ="" NAME ="JOB_STATUS" PICTURETEXT ="" PORTTYPE ="INPUT/OUTPUT" PRECISION ="100" SCALE ="0"/>
            <TRANSFORMFIELD DATATYPE ="string" DEFAULTVALUE ="" DESCRIPTION ="" NAME ="MOU" PICTURETEXT ="" PORTTYPE ="INPUT/OUTPUT" PRECISION ="100" SCALE ="0"/>
            <TRANSFORMFIELD DATATYPE ="string" DEFAULTVALUE ="" DESCRIPTION ="" NAME ="MOU_TITLE" PICTURETEXT ="" PORTTYPE ="INPUT/OUTPUT" PRECISION ="100" SCALE ="0"/>
            <TRANSFORMFIELD DATATYPE ="decimal" DEFAULTVALUE ="" DESCRIPTION ="" NAME ="REGULAR_PAY" PICTURETEXT ="" PORTTYPE ="INPUT/OUTPUT" PRECISION ="15" SCALE ="0"/>
            <TRANSFORMFIELD DATATYPE ="decimal" DEFAULTVALUE ="" DESCRIPTION ="" NAME ="OVERTIME_PAY" PICTURETEXT ="" PORTTYPE ="INPUT/OUTPUT" PRECISION ="15" SCALE ="0"/>
            <TRANSFORMFIELD DATATYPE ="decimal" DEFAULTVALUE ="" DESCRIPTION ="" NAME ="ALL_OTHER_PAY" PICTURETEXT ="" PORTTYPE ="INPUT/OUTPUT" PRECISION ="15" SCALE ="0"/>
            <TRANSFORMFIELD DATATYPE ="decimal" DEFAULTVALUE ="" DESCRIPTION ="" NAME ="TOTAL_PAY" PICTURETEXT ="" PORTTYPE ="INPUT/OUTPUT" PRECISION ="15" SCALE ="0"/>
            <TRANSFORMFIELD DATATYPE ="decimal" DEFAULTVALUE ="" DESCRIPTION ="" NAME ="CITY_RETIREMENT_CONTRIBUTIONS" PICTURETEXT ="" PORTTYPE ="INPUT/OUTPUT" PRECISION ="15" SCALE ="0"/>
            <TRANSFORMFIELD DATATYPE ="decimal" DEFAULTVALUE ="" DESCRIPTION ="" NAME ="BENEFIT_PAY" PICTURETEXT ="" PORTTYPE ="INPUT/OUTPUT" PRECISION ="15" SCALE ="0"/>
            <TRANSFORMFIELD DATATYPE ="string" DEFAULTVALUE ="" DESCRIPTION ="" NAME ="GENDER" PICTURETEXT ="" PORTTYPE ="INPUT/OUTPUT" PRECISION ="100" SCALE ="0"/>
            <TRANSFORMFIELD DATATYPE ="string" DEFAULTVALUE ="" DESCRIPTION ="" NAME ="ETHNICITY" PICTURETEXT ="" PORTTYPE ="INPUT/OUTPUT" PRECISION ="100" SCALE ="0"/>
            <TABLEATTRIBUTE NAME ="Sql Query" VALUE =""/>
            <TABLEATTRIBUTE NAME ="User Defined Join" VALUE =""/>
            <TABLEATTRIBUTE NAME ="Source Filter" VALUE =""/>
            <TABLEATTRIBUTE NAME ="Number Of Sorted Ports" VALUE ="0"/>
            <TABLEATTRIBUTE NAME ="Tracing Level" VALUE ="Normal"/>
            <TABLEATTRIBUTE NAME ="Is Partitionable" VALUE ="NO"/>
            <TABLEATTRIBUTE NAME ="Pre SQL" VALUE =""/>
            <TABLEATTRIBUTE NAME ="Post SQL" VALUE =""/>
            <TABLEATTRIBUTE NAME ="Output is deterministic" VALUE ="NO"/>
            <TABLEATTRIBUTE NAME ="Output is repeatable" VALUE ="Never"/>
        </TRANSFORMATION>
        <TRANSFORMATION DESCRIPTION ="" NAME ="exp_emp_payroll" OBJECTVERSION ="1" REUSABLE ="NO" TYPE ="Expression" VERSIONNUMBER ="1">
            <TRANSFORMFIELD DATATYPE ="string" DEFAULTVALUE ="" DESCRIPTION ="" EXPRESSION ="RECORD_NBR" EXPRESSIONTYPE ="GENERAL" NAME ="RECORD_NBR" PICTURETEXT ="" PORTTYPE ="INPUT/OUTPUT" PRECISION ="100" SCALE ="0"/>
            <TRANSFORMFIELD DATATYPE ="decimal" DEFAULTVALUE ="" DESCRIPTION ="" EXPRESSION ="TO_DECIMAL(RECORD_NBR)" EXPRESSIONTYPE ="GENERAL" NAME ="RECORD_CONVERTED" PICTURETEXT ="" PORTTYPE ="LOCAL VARIABLE" PRECISION ="10" SCALE ="0"/>
            <TRANSFORMFIELD DATATYPE ="string" DEFAULTVALUE ="" DESCRIPTION ="" EXPRESSION ="SUBSTR(TO_CHAR(RECORD_CONVERTED), 1, 1)" EXPRESSIONTYPE ="GENERAL" NAME ="RECORD_CHECK" PICTURETEXT ="" PORTTYPE ="LOCAL VARIABLE" PRECISION ="100" SCALE ="0"/>
            <TRANSFORMFIELD DATATYPE ="string" DEFAULTVALUE ="ERROR(&apos;transformation error&apos;)" DESCRIPTION ="" EXPRESSION ="IIF(RECORD_CHECK = &apos;3&apos;, TO_CHAR(RECORD_CONVERTED), RECORD_NBR)" EXPRESSIONTYPE ="GENERAL" NAME ="NEW_RECORD_NBR" PICTURETEXT ="" PORTTYPE ="OUTPUT" PRECISION ="100" SCALE ="0"/>
            <TRANSFORMFIELD DATATYPE ="decimal" DEFAULTVALUE ="" DESCRIPTION ="" NAME ="PAY_YEAR" PICTURETEXT ="" PORTTYPE ="INPUT" PRECISION ="15" SCALE ="0"/>
            <TRANSFORMFIELD DATATYPE ="integer" DEFAULTVALUE ="ERROR(&apos;transformation error&apos;)" DESCRIPTION ="" EXPRESSION ="TO_INTEGER(PAY_YEAR)" EXPRESSIONTYPE ="GENERAL" NAME ="NEW_PAY_YEAR" PICTURETEXT ="" PORTTYPE ="OUTPUT" PRECISION ="10" SCALE ="0"/>
            <TRANSFORMFIELD DATATYPE ="decimal" DEFAULTVALUE ="" DESCRIPTION ="" NAME ="DEPARTMENT_NO" PICTURETEXT ="" PORTTYPE ="INPUT" PRECISION ="15" SCALE ="0"/>
            <TRANSFORMFIELD DATATYPE ="integer" DEFAULTVALUE ="ERROR(&apos;transformation error&apos;)" DESCRIPTION ="" EXPRESSION ="TO_INTEGER(DEPARTMENT_NO)" EXPRESSIONTYPE ="GENERAL" NAME ="NEW_DEPARTMENT_NO" PICTURETEXT ="" PORTTYPE ="OUTPUT" PRECISION ="10" SCALE ="0"/>
            <TRANSFORMFIELD DATATYPE ="string" DEFAULTVALUE ="" DESCRIPTION ="" EXPRESSION ="DEPARTMENT_TITLE" EXPRESSIONTYPE ="GENERAL" NAME ="DEPARTMENT_TITLE" PICTURETEXT ="" PORTTYPE ="INPUT/OUTPUT" PRECISION ="100" SCALE ="0"/>
            <TRANSFORMFIELD DATATYPE ="string" DEFAULTVALUE ="" DESCRIPTION ="" EXPRESSION ="JOB_CLASS_PGRADE" EXPRESSIONTYPE ="GENERAL" NAME ="JOB_CLASS_PGRADE" PICTURETEXT ="" PORTTYPE ="INPUT/OUTPUT" PRECISION ="100" SCALE ="0"/>
            <TRANSFORMFIELD DATATYPE ="string" DEFAULTVALUE ="" DESCRIPTION ="" EXPRESSION ="JOB_TITLE" EXPRESSIONTYPE ="GENERAL" NAME ="JOB_TITLE" PICTURETEXT ="" PORTTYPE ="INPUT/OUTPUT" PRECISION ="100" SCALE ="0"/>
            <TRANSFORMFIELD DATATYPE ="string" DEFAULTVALUE ="" DESCRIPTION ="" EXPRESSION ="EMPLOYMENT_TYPE" EXPRESSIONTYPE ="GENERAL" NAME ="EMPLOYMENT_TYPE" PICTURETEXT ="" PORTTYPE ="INPUT/OUTPUT" PRECISION ="100" SCALE ="0"/>
            <TRANSFORMFIELD DATATYPE ="string" DEFAULTVALUE ="" DESCRIPTION ="" EXPRESSION ="JOB_STATUS" EXPRESSIONTYPE ="GENERAL" NAME ="JOB_STATUS" PICTURETEXT ="" PORTTYPE ="INPUT/OUTPUT" PRECISION ="100" SCALE ="0"/>
            <TRANSFORMFIELD DATATYPE ="string" DEFAULTVALUE ="" DESCRIPTION ="" EXPRESSION ="MOU" EXPRESSIONTYPE ="GENERAL" NAME ="MOU" PICTURETEXT ="" PORTTYPE ="INPUT/OUTPUT" PRECISION ="100" SCALE ="0"/>
            <TRANSFORMFIELD DATATYPE ="string" DEFAULTVALUE ="" DESCRIPTION ="" EXPRESSION ="MOU_TITLE" EXPRESSIONTYPE ="GENERAL" NAME ="MOU_TITLE" PICTURETEXT ="" PORTTYPE ="INPUT/OUTPUT" PRECISION ="100" SCALE ="0"/>
            <TRANSFORMFIELD DATATYPE ="decimal" DEFAULTVALUE ="" DESCRIPTION ="" EXPRESSION ="REGULAR_PAY" EXPRESSIONTYPE ="GENERAL" NAME ="REGULAR_PAY" PICTURETEXT ="" PORTTYPE ="INPUT/OUTPUT" PRECISION ="15" SCALE ="0"/>
            <TRANSFORMFIELD DATATYPE ="decimal" DEFAULTVALUE ="" DESCRIPTION ="" EXPRESSION ="OVERTIME_PAY" EXPRESSIONTYPE ="GENERAL" NAME ="OVERTIME_PAY" PICTURETEXT ="" PORTTYPE ="INPUT/OUTPUT" PRECISION ="15" SCALE ="0"/>
            <TRANSFORMFIELD DATATYPE ="decimal" DEFAULTVALUE ="" DESCRIPTION ="" EXPRESSION ="ALL_OTHER_PAY" EXPRESSIONTYPE ="GENERAL" NAME ="ALL_OTHER_PAY" PICTURETEXT ="" PORTTYPE ="INPUT/OUTPUT" PRECISION ="15" SCALE ="0"/>
            <TRANSFORMFIELD DATATYPE ="decimal" DEFAULTVALUE ="" DESCRIPTION ="" EXPRESSION ="TOTAL_PAY" EXPRESSIONTYPE ="GENERAL" NAME ="TOTAL_PAY" PICTURETEXT ="" PORTTYPE ="INPUT/OUTPUT" PRECISION ="15" SCALE ="0"/>
            <TRANSFORMFIELD DATATYPE ="decimal" DEFAULTVALUE ="" DESCRIPTION ="" EXPRESSION ="CITY_RETIREMENT_CONTRIBUTIONS" EXPRESSIONTYPE ="GENERAL" NAME ="CITY_RETIREMENT_CONTRIBUTIONS" PICTURETEXT ="" PORTTYPE ="INPUT/OUTPUT" PRECISION ="15" SCALE ="0"/>
            <TRANSFORMFIELD DATATYPE ="decimal" DEFAULTVALUE ="" DESCRIPTION ="" EXPRESSION ="BENEFIT_PAY" EXPRESSIONTYPE ="GENERAL" NAME ="BENEFIT_PAY" PICTURETEXT ="" PORTTYPE ="INPUT/OUTPUT" PRECISION ="15" SCALE ="0"/>
            <TRANSFORMFIELD DATATYPE ="string" DEFAULTVALUE ="" DESCRIPTION ="" EXPRESSION ="GENDER" EXPRESSIONTYPE ="GENERAL" NAME ="GENDER" PICTURETEXT ="" PORTTYPE ="INPUT/OUTPUT" PRECISION ="100" SCALE ="0"/>
            <TRANSFORMFIELD DATATYPE ="string" DEFAULTVALUE ="" DESCRIPTION ="" EXPRESSION ="ETHNICITY" EXPRESSIONTYPE ="GENERAL" NAME ="ETHNICITY" PICTURETEXT ="" PORTTYPE ="INPUT/OUTPUT" PRECISION ="100" SCALE ="0"/>
            <TABLEATTRIBUTE NAME ="Tracing Level" VALUE ="Normal"/>
        </TRANSFORMATION>
        <INSTANCE DESCRIPTION ="" NAME ="stg_employee_pay" TRANSFORMATION_NAME ="stg_employee_pay" TRANSFORMATION_TYPE ="Target Definition" TYPE ="TARGET"/>
        <INSTANCE DESCRIPTION ="" NAME ="SQ_employee_pay" REUSABLE ="NO" TRANSFORMATION_NAME ="SQ_employee_pay" TRANSFORMATION_TYPE ="Source Qualifier" TYPE ="TRANSFORMATION">
            <ASSOCIATED_SOURCE_INSTANCE NAME ="employee_pay"/>
        </INSTANCE>
        <INSTANCE DBDNAME ="FlatFile" DESCRIPTION ="" NAME ="employee_pay" TRANSFORMATION_NAME ="employee_pay" TRANSFORMATION_TYPE ="Source Definition" TYPE ="SOURCE"/>
        <INSTANCE DESCRIPTION ="" NAME ="exp_emp_payroll" REUSABLE ="NO" TRANSFORMATION_NAME ="exp_emp_payroll" TRANSFORMATION_TYPE ="Expression" TYPE ="TRANSFORMATION"/>
        <CONNECTOR FROMFIELD ="NEW_RECORD_NBR" FROMINSTANCE ="exp_emp_payroll" FROMINSTANCETYPE ="Expression" TOFIELD ="RECORD_NBR" TOINSTANCE ="stg_employee_pay" TOINSTANCETYPE ="Target Definition"/>
        <CONNECTOR FROMFIELD ="NEW_PAY_YEAR" FROMINSTANCE ="exp_emp_payroll" FROMINSTANCETYPE ="Expression" TOFIELD ="PAY_YEAR" TOINSTANCE ="stg_employee_pay" TOINSTANCETYPE ="Target Definition"/>
        <CONNECTOR FROMFIELD ="NEW_DEPARTMENT_NO" FROMINSTANCE ="exp_emp_payroll" FROMINSTANCETYPE ="Expression" TOFIELD ="DEPARTMENT_NO" TOINSTANCE ="stg_employee_pay" TOINSTANCETYPE ="Target Definition"/>
        <CONNECTOR FROMFIELD ="DEPARTMENT_TITLE" FROMINSTANCE ="exp_emp_payroll" FROMINSTANCETYPE ="Expression" TOFIELD ="DEPARTMENT_TITLE" TOINSTANCE ="stg_employee_pay" TOINSTANCETYPE ="Target Definition"/>
        <CONNECTOR FROMFIELD ="JOB_CLASS_PGRADE" FROMINSTANCE ="exp_emp_payroll" FROMINSTANCETYPE ="Expression" TOFIELD ="JOB_CLASS_PGRADE" TOINSTANCE ="stg_employee_pay" TOINSTANCETYPE ="Target Definition"/>
        <CONNECTOR FROMFIELD ="JOB_TITLE" FROMINSTANCE ="exp_emp_payroll" FROMINSTANCETYPE ="Expression" TOFIELD ="JOB_TITLE" TOINSTANCE ="stg_employee_pay" TOINSTANCETYPE ="Target Definition"/>
        <CONNECTOR FROMFIELD ="EMPLOYMENT_TYPE" FROMINSTANCE ="exp_emp_payroll" FROMINSTANCETYPE ="Expression" TOFIELD ="EMPLOYMENT_TYPE" TOINSTANCE ="stg_employee_pay" TOINSTANCETYPE ="Target Definition"/>
        <CONNECTOR FROMFIELD ="JOB_STATUS" FROMINSTANCE ="exp_emp_payroll" FROMINSTANCETYPE ="Expression" TOFIELD ="JOB_STATUS" TOINSTANCE ="stg_employee_pay" TOINSTANCETYPE ="Target Definition"/>
        <CONNECTOR FROMFIELD ="MOU" FROMINSTANCE ="exp_emp_payroll" FROMINSTANCETYPE ="Expression" TOFIELD ="MOU" TOINSTANCE ="stg_employee_pay" TOINSTANCETYPE ="Target Definition"/>
        <CONNECTOR FROMFIELD ="MOU_TITLE" FROMINSTANCE ="exp_emp_payroll" FROMINSTANCETYPE ="Expression" TOFIELD ="MOU_TITLE" TOINSTANCE ="stg_employee_pay" TOINSTANCETYPE ="Target Definition"/>
        <CONNECTOR FROMFIELD ="REGULAR_PAY" FROMINSTANCE ="exp_emp_payroll" FROMINSTANCETYPE ="Expression" TOFIELD ="REGULAR_PAY" TOINSTANCE ="stg_employee_pay" TOINSTANCETYPE ="Target Definition"/>
        <CONNECTOR FROMFIELD ="OVERTIME_PAY" FROMINSTANCE ="exp_emp_payroll" FROMINSTANCETYPE ="Expression" TOFIELD ="OVERTIME_PAY" TOINSTANCE ="stg_employee_pay" TOINSTANCETYPE ="Target Definition"/>
        <CONNECTOR FROMFIELD ="ALL_OTHER_PAY" FROMINSTANCE ="exp_emp_payroll" FROMINSTANCETYPE ="Expression" TOFIELD ="ALL_OTHER_PAY" TOINSTANCE ="stg_employee_pay" TOINSTANCETYPE ="Target Definition"/>
        <CONNECTOR FROMFIELD ="TOTAL_PAY" FROMINSTANCE ="exp_emp_payroll" FROMINSTANCETYPE ="Expression" TOFIELD ="TOTAL_PAY" TOINSTANCE ="stg_employee_pay" TOINSTANCETYPE ="Target Definition"/>
        <CONNECTOR FROMFIELD ="CITY_RETIREMENT_CONTRIBUTIONS" FROMINSTANCE ="exp_emp_payroll" FROMINSTANCETYPE ="Expression" TOFIELD ="CITY_RETIREMENT_CONTRIBUTIONS" TOINSTANCE ="stg_employee_pay" TOINSTANCETYPE ="Target Definition"/>
        <CONNECTOR FROMFIELD ="BENEFIT_PAY" FROMINSTANCE ="exp_emp_payroll" FROMINSTANCETYPE ="Expression" TOFIELD ="BENEFIT_PAY" TOINSTANCE ="stg_employee_pay" TOINSTANCETYPE ="Target Definition"/>
        <CONNECTOR FROMFIELD ="GENDER" FROMINSTANCE ="exp_emp_payroll" FROMINSTANCETYPE ="Expression" TOFIELD ="GENDER" TOINSTANCE ="stg_employee_pay" TOINSTANCETYPE ="Target Definition"/>
        <CONNECTOR FROMFIELD ="ETHNICITY" FROMINSTANCE ="exp_emp_payroll" FROMINSTANCETYPE ="Expression" TOFIELD ="ETHNICITY" TOINSTANCE ="stg_employee_pay" TOINSTANCETYPE ="Target Definition"/>
        <CONNECTOR FROMFIELD ="RECORD_NBR" FROMINSTANCE ="employee_pay" FROMINSTANCETYPE ="Source Definition" TOFIELD ="RECORD_NBR" TOINSTANCE ="SQ_employee_pay" TOINSTANCETYPE ="Source Qualifier"/>
        <CONNECTOR FROMFIELD ="PAY_YEAR" FROMINSTANCE ="employee_pay" FROMINSTANCETYPE ="Source Definition" TOFIELD ="PAY_YEAR" TOINSTANCE ="SQ_employee_pay" TOINSTANCETYPE ="Source Qualifier"/>
        <CONNECTOR FROMFIELD ="DEPARTMENT_NO" FROMINSTANCE ="employee_pay" FROMINSTANCETYPE ="Source Definition" TOFIELD ="DEPARTMENT_NO" TOINSTANCE ="SQ_employee_pay" TOINSTANCETYPE ="Source Qualifier"/>
        <CONNECTOR FROMFIELD ="DEPARTMENT_TITLE" FROMINSTANCE ="employee_pay" FROMINSTANCETYPE ="Source Definition" TOFIELD ="DEPARTMENT_TITLE" TOINSTANCE ="SQ_employee_pay" TOINSTANCETYPE ="Source Qualifier"/>
        <CONNECTOR FROMFIELD ="JOB_CLASS_PGRADE" FROMINSTANCE ="employee_pay" FROMINSTANCETYPE ="Source Definition" TOFIELD ="JOB_CLASS_PGRADE" TOINSTANCE ="SQ_employee_pay" TOINSTANCETYPE ="Source Qualifier"/>
        <CONNECTOR FROMFIELD ="JOB_TITLE" FROMINSTANCE ="employee_pay" FROMINSTANCETYPE ="Source Definition" TOFIELD ="JOB_TITLE" TOINSTANCE ="SQ_employee_pay" TOINSTANCETYPE ="Source Qualifier"/>
        <CONNECTOR FROMFIELD ="EMPLOYMENT_TYPE" FROMINSTANCE ="employee_pay" FROMINSTANCETYPE ="Source Definition" TOFIELD ="EMPLOYMENT_TYPE" TOINSTANCE ="SQ_employee_pay" TOINSTANCETYPE ="Source Qualifier"/>
        <CONNECTOR FROMFIELD ="JOB_STATUS" FROMINSTANCE ="employee_pay" FROMINSTANCETYPE ="Source Definition" TOFIELD ="JOB_STATUS" TOINSTANCE ="SQ_employee_pay" TOINSTANCETYPE ="Source Qualifier"/>
        <CONNECTOR FROMFIELD ="MOU" FROMINSTANCE ="employee_pay" FROMINSTANCETYPE ="Source Definition" TOFIELD ="MOU" TOINSTANCE ="SQ_employee_pay" TOINSTANCETYPE ="Source Qualifier"/>
        <CONNECTOR FROMFIELD ="MOU_TITLE" FROMINSTANCE ="employee_pay" FROMINSTANCETYPE ="Source Definition" TOFIELD ="MOU_TITLE" TOINSTANCE ="SQ_employee_pay" TOINSTANCETYPE ="Source Qualifier"/>
        <CONNECTOR FROMFIELD ="REGULAR_PAY" FROMINSTANCE ="employee_pay" FROMINSTANCETYPE ="Source Definition" TOFIELD ="REGULAR_PAY" TOINSTANCE ="SQ_employee_pay" TOINSTANCETYPE ="Source Qualifier"/>
        <CONNECTOR FROMFIELD ="OVERTIME_PAY" FROMINSTANCE ="employee_pay" FROMINSTANCETYPE ="Source Definition" TOFIELD ="OVERTIME_PAY" TOINSTANCE ="SQ_employee_pay" TOINSTANCETYPE ="Source Qualifier"/>
        <CONNECTOR FROMFIELD ="ALL_OTHER_PAY" FROMINSTANCE ="employee_pay" FROMINSTANCETYPE ="Source Definition" TOFIELD ="ALL_OTHER_PAY" TOINSTANCE ="SQ_employee_pay" TOINSTANCETYPE ="Source Qualifier"/>
        <CONNECTOR FROMFIELD ="TOTAL_PAY" FROMINSTANCE ="employee_pay" FROMINSTANCETYPE ="Source Definition" TOFIELD ="TOTAL_PAY" TOINSTANCE ="SQ_employee_pay" TOINSTANCETYPE ="Source Qualifier"/>
        <CONNECTOR FROMFIELD ="CITY_RETIREMENT_CONTRIBUTIONS" FROMINSTANCE ="employee_pay" FROMINSTANCETYPE ="Source Definition" TOFIELD ="CITY_RETIREMENT_CONTRIBUTIONS" TOINSTANCE ="SQ_employee_pay" TOINSTANCETYPE ="Source Qualifier"/>
        <CONNECTOR FROMFIELD ="BENEFIT_PAY" FROMINSTANCE ="employee_pay" FROMINSTANCETYPE ="Source Definition" TOFIELD ="BENEFIT_PAY" TOINSTANCE ="SQ_employee_pay" TOINSTANCETYPE ="Source Qualifier"/>
        <CONNECTOR FROMFIELD ="GENDER" FROMINSTANCE ="employee_pay" FROMINSTANCETYPE ="Source Definition" TOFIELD ="GENDER" TOINSTANCE ="SQ_employee_pay" TOINSTANCETYPE ="Source Qualifier"/>
        <CONNECTOR FROMFIELD ="ETHNICITY" FROMINSTANCE ="employee_pay" FROMINSTANCETYPE ="Source Definition" TOFIELD ="ETHNICITY" TOINSTANCE ="SQ_employee_pay" TOINSTANCETYPE ="Source Qualifier"/>
        <CONNECTOR FROMFIELD ="PAY_YEAR" FROMINSTANCE ="SQ_employee_pay" FROMINSTANCETYPE ="Source Qualifier" TOFIELD ="PAY_YEAR" TOINSTANCE ="exp_emp_payroll" TOINSTANCETYPE ="Expression"/>
        <CONNECTOR FROMFIELD ="DEPARTMENT_NO" FROMINSTANCE ="SQ_employee_pay" FROMINSTANCETYPE ="Source Qualifier" TOFIELD ="DEPARTMENT_NO" TOINSTANCE ="exp_emp_payroll" TOINSTANCETYPE ="Expression"/>
        <CONNECTOR FROMFIELD ="DEPARTMENT_TITLE" FROMINSTANCE ="SQ_employee_pay" FROMINSTANCETYPE ="Source Qualifier" TOFIELD ="DEPARTMENT_TITLE" TOINSTANCE ="exp_emp_payroll" TOINSTANCETYPE ="Expression"/>
        <CONNECTOR FROMFIELD ="JOB_CLASS_PGRADE" FROMINSTANCE ="SQ_employee_pay" FROMINSTANCETYPE ="Source Qualifier" TOFIELD ="JOB_CLASS_PGRADE" TOINSTANCE ="exp_emp_payroll" TOINSTANCETYPE ="Expression"/>
        <CONNECTOR FROMFIELD ="JOB_TITLE" FROMINSTANCE ="SQ_employee_pay" FROMINSTANCETYPE ="Source Qualifier" TOFIELD ="JOB_TITLE" TOINSTANCE ="exp_emp_payroll" TOINSTANCETYPE ="Expression"/>
        <CONNECTOR FROMFIELD ="EMPLOYMENT_TYPE" FROMINSTANCE ="SQ_employee_pay" FROMINSTANCETYPE ="Source Qualifier" TOFIELD ="EMPLOYMENT_TYPE" TOINSTANCE ="exp_emp_payroll" TOINSTANCETYPE ="Expression"/>
        <CONNECTOR FROMFIELD ="JOB_STATUS" FROMINSTANCE ="SQ_employee_pay" FROMINSTANCETYPE ="Source Qualifier" TOFIELD ="JOB_STATUS" TOINSTANCE ="exp_emp_payroll" TOINSTANCETYPE ="Expression"/>
        <CONNECTOR FROMFIELD ="MOU" FROMINSTANCE ="SQ_employee_pay" FROMINSTANCETYPE ="Source Qualifier" TOFIELD ="MOU" TOINSTANCE ="exp_emp_payroll" TOINSTANCETYPE ="Expression"/>
        <CONNECTOR FROMFIELD ="MOU_TITLE" FROMINSTANCE ="SQ_employee_pay" FROMINSTANCETYPE ="Source Qualifier" TOFIELD ="MOU_TITLE" TOINSTANCE ="exp_emp_payroll" TOINSTANCETYPE ="Expression"/>
        <CONNECTOR FROMFIELD ="REGULAR_PAY" FROMINSTANCE ="SQ_employee_pay" FROMINSTANCETYPE ="Source Qualifier" TOFIELD ="REGULAR_PAY" TOINSTANCE ="exp_emp_payroll" TOINSTANCETYPE ="Expression"/>
        <CONNECTOR FROMFIELD ="OVERTIME_PAY" FROMINSTANCE ="SQ_employee_pay" FROMINSTANCETYPE ="Source Qualifier" TOFIELD ="OVERTIME_PAY" TOINSTANCE ="exp_emp_payroll" TOINSTANCETYPE ="Expression"/>
        <CONNECTOR FROMFIELD ="ALL_OTHER_PAY" FROMINSTANCE ="SQ_employee_pay" FROMINSTANCETYPE ="Source Qualifier" TOFIELD ="ALL_OTHER_PAY" TOINSTANCE ="exp_emp_payroll" TOINSTANCETYPE ="Expression"/>
        <CONNECTOR FROMFIELD ="TOTAL_PAY" FROMINSTANCE ="SQ_employee_pay" FROMINSTANCETYPE ="Source Qualifier" TOFIELD ="TOTAL_PAY" TOINSTANCE ="exp_emp_payroll" TOINSTANCETYPE ="Expression"/>
        <CONNECTOR FROMFIELD ="CITY_RETIREMENT_CONTRIBUTIONS" FROMINSTANCE ="SQ_employee_pay" FROMINSTANCETYPE ="Source Qualifier" TOFIELD ="CITY_RETIREMENT_CONTRIBUTIONS" TOINSTANCE ="exp_emp_payroll" TOINSTANCETYPE ="Expression"/>
        <CONNECTOR FROMFIELD ="BENEFIT_PAY" FROMINSTANCE ="SQ_employee_pay" FROMINSTANCETYPE ="Source Qualifier" TOFIELD ="BENEFIT_PAY" TOINSTANCE ="exp_emp_payroll" TOINSTANCETYPE ="Expression"/>
        <CONNECTOR FROMFIELD ="GENDER" FROMINSTANCE ="SQ_employee_pay" FROMINSTANCETYPE ="Source Qualifier" TOFIELD ="GENDER" TOINSTANCE ="exp_emp_payroll" TOINSTANCETYPE ="Expression"/>
        <CONNECTOR FROMFIELD ="ETHNICITY" FROMINSTANCE ="SQ_employee_pay" FROMINSTANCETYPE ="Source Qualifier" TOFIELD ="ETHNICITY" TOINSTANCE ="exp_emp_payroll" TOINSTANCETYPE ="Expression"/>
        <CONNECTOR FROMFIELD ="RECORD_NBR" FROMINSTANCE ="SQ_employee_pay" FROMINSTANCETYPE ="Source Qualifier" TOFIELD ="RECORD_NBR" TOINSTANCE ="exp_emp_payroll" TOINSTANCETYPE ="Expression"/>
        <TARGETLOADORDER ORDER ="1" TARGETINSTANCE ="stg_employee_pay"/>
        <ERPINFO/>
    </MAPPING>
</FOLDER>
</REPOSITORY>
</POWERMART>